상품명,스펙 목록,가격
삼성전자 비스포크 제트 VS20A956A3,핸디스틱청소기 / 무선형 / 흡입전용 / 흡입력: 210W / [구성] 바닥 / 솔형 / 틈새 / 연장툴 / 청정스테이션 / [배터리] 분리형 (1개) / 충전시간: 3시간30분 / 사용시간(개당): 1시간 / [성능] 디지털인버터모터 / 5단계여과 / [기능] 물걸레(별도구매) / 디스플레이표시창 / 자동물공급 / 배터리잔량표시 / 자동먼지비움 / [부가] 먼지통용량: 0.5L / 물통용량: 0.15L / 색상: 미드나잇블루 / 무게: 2.5kg / 액세서리크래들  / 크기(가로x세로x깊이): 250x930x202mm,458920
삼성전자 비스포크 제트 VS20A956A3,핸디스틱청소기 / 무선형 / 흡입전용 / 흡입력: 210W / [구성] 바닥 / 솔형 / 틈새 / 연장툴 / 청정스테이션 / [배터리] 분리형 (1개) / 충전시간: 3시간30분 / 사용시간(개당): 1시간 / [성능] 디지털인버터모터 / 5단계여과 / [기능] 물걸레(별도구매) / 디스플레이표시창 / 자동물공급 / 배터리잔량표시 / 자동먼지비움 / [부가] 먼지통용량: 0.5L / 물통용량: 0.15L / 색상: 미드나잇블루 / 무게: 2.5kg / 액세서리크래들  / 크기(가로x세로x깊이): 250x930x202mm,458920
삼성전자 비스포크 제트 VS20A956A3,핸디스틱청소기 / 무선형 / 흡입전용 / 흡입력: 210W / [구성] 바닥 / 솔형 / 틈새 / 연장툴 / 청정스테이션 / [배터리] 분리형 (1개) / 충전시간: 3시간30분 / 사용시간(개당): 1시간 / [성능] 디지털인버터모터 / 5단계여과 / [기능] 물걸레(별도구매) / 디스플레이표시창 / 자동물공급 / 배터리잔량표시 / 자동먼지비움 / [부가] 먼지통용량: 0.5L / 물통용량: 0.15L / 색상: 미드나잇블루 / 무게: 2.5kg / 액세서리크래들  / 크기(가로x세로x깊이): 250x930x202mm,458920
삼성전자 비스포크 제트 VS20A956A3,핸디스틱청소기 / 무선형 / 흡입전용 / 흡입력: 210W / [구성] 바닥 / 솔형 / 틈새 / 연장툴 / 청정스테이션 / [배터리] 분리형 (1개) / 충전시간: 3시간30분 / 사용시간(개당): 1시간 / [성능] 디지털인버터모터 / 5단계여과 / [기능] 물걸레(별도구매) / 디스플레이표시창 / 자동물공급 / 배터리잔량표시 / 자동먼지비움 / [부가] 먼지통용량: 0.5L / 물통용량: 0.15L / 색상: 미드나잇블루 / 무게: 2.5kg / 액세서리크래들  / 크기(가로x세로x깊이): 250x930x202mm,458920
삼성전자 비스포크 제트 VS20A956A3,핸디스틱청소기 / 무선형 / 흡입전용 / 흡입력: 210W / [구성] 바닥 / 솔형 / 틈새 / 연장툴 / 청정스테이션 / [배터리] 분리형 (1개) / 충전시간: 3시간30분 / 사용시간(개당): 1시간 / [성능] 디지털인버터모터 / 5단계여과 / [기능] 물걸레(별도구매) / 디스플레이표시창 / 자동물공급 / 배터리잔량표시 / 자동먼지비움 / [부가] 먼지통용량: 0.5L / 물통용량: 0.15L / 색상: 미드나잇블루 / 무게: 2.5kg / 액세서리크래들  / 크기(가로x세로x깊이): 250x930x202mm,458920
삼성전자 비스포크 제트 VS20A956A3,핸디스틱청소기 / 무선형 / 흡입전용 / 흡입력: 210W / [구성] 바닥 / 솔형 / 틈새 / 연장툴 / 청정스테이션 / [배터리] 분리형 (1개) / 충전시간: 3시간30분 / 사용시간(개당): 1시간 / [성능] 디지털인버터모터 / 5단계여과 / [기능] 물걸레(별도구매) / 디스플레이표시창 / 자동물공급 / 배터리잔량표시 / 자동먼지비움 / [부가] 먼지통용량: 0.5L / 물통용량: 0.15L / 색상: 미드나잇블루 / 무게: 2.5kg / 액세서리크래들  / 크기(가로x세로x깊이): 250x930x202mm,458920
삼성전자 비스포크 제트 VS20A956A3,핸디스틱청소기 / 무선형 / 흡입전용 / 흡입력: 210W / [구성] 바닥 / 솔형 / 틈새 / 연장툴 / 청정스테이션 / [배터리] 분리형 (1개) / 충전시간: 3시간30분 / 사용시간(개당): 1시간 / [성능] 디지털인버터모터 / 5단계여과 / [기능] 물걸레(별도구매) / 디스플레이표시창 / 자동물공급 / 배터리잔량표시 / 자동먼지비움 / [부가] 먼지통용량: 0.5L / 물통용량: 0.15L / 색상: 미드나잇블루 / 무게: 2.5kg / 액세서리크래들  / 크기(가로x세로x깊이): 250x930x202mm,458920
삼성전자 비스포크 제트 VS20A956A3,핸디스틱청소기 / 무선형 / 흡입전용 / 흡입력: 210W / [구성] 바닥 / 솔형 / 틈새 / 연장툴 / 청정스테이션 / [배터리] 분리형 (1개) / 충전시간: 3시간30분 / 사용시간(개당): 1시간 / [성능] 디지털인버터모터 / 5단계여과 / [기능] 물걸레(별도구매) / 디스플레이표시창 / 자동물공급 / 배터리잔량표시 / 자동먼지비움 / [부가] 먼지통용량: 0.5L / 물통용량: 0.15L / 색상: 미드나잇블루 / 무게: 2.5kg / 액세서리크래들  / 크기(가로x세로x깊이): 250x930x202mm,458920
삼성전자 비스포크 제트 VS20A956A3,핸디스틱청소기 / 무선형 / 흡입전용 / 흡입력: 210W / [구성] 바닥 / 솔형 / 틈새 / 연장툴 / 청정스테이션 / [배터리] 분리형 (1개) / 충전시간: 3시간30분 / 사용시간(개당): 1시간 / [성능] 디지털인버터모터 / 5단계여과 / [기능] 물걸레(별도구매) / 디스플레이표시창 / 자동물공급 / 배터리잔량표시 / 자동먼지비움 / [부가] 먼지통용량: 0.5L / 물통용량: 0.15L / 색상: 미드나잇블루 / 무게: 2.5kg / 액세서리크래들  / 크기(가로x세로x깊이): 250x930x202mm,458920
삼성전자 비스포크 제트 VS20A956A3,핸디스틱청소기 / 무선형 / 흡입전용 / 흡입력: 210W / [구성] 바닥 / 솔형 / 틈새 / 연장툴 / 청정스테이션 / [배터리] 분리형 (1개) / 충전시간: 3시간30분 / 사용시간(개당): 1시간 / [성능] 디지털인버터모터 / 5단계여과 / [기능] 물걸레(별도구매) / 디스플레이표시창 / 자동물공급 / 배터리잔량표시 / 자동먼지비움 / [부가] 먼지통용량: 0.5L / 물통용량: 0.15L / 색상: 미드나잇블루 / 무게: 2.5kg / 액세서리크래들  / 크기(가로x세로x깊이): 250x930x202mm,458920
삼성전자 비스포크 제트 VS20A956A3,핸디스틱청소기 / 무선형 / 흡입전용 / 흡입력: 210W / [구성] 바닥 / 솔형 / 틈새 / 연장툴 / 청정스테이션 / [배터리] 분리형 (1개) / 충전시간: 3시간30분 / 사용시간(개당): 1시간 / [성능] 디지털인버터모터 / 5단계여과 / [기능] 물걸레(별도구매) / 디스플레이표시창 / 자동물공급 / 배터리잔량표시 / 자동먼지비움 / [부가] 먼지통용량: 0.5L / 물통용량: 0.15L / 색상: 미드나잇블루 / 무게: 2.5kg / 액세서리크래들  / 크기(가로x세로x깊이): 250x930x202mm,458920
삼성전자 비스포크 제트 VS20A956A3,핸디스틱청소기 / 무선형 / 흡입전용 / 흡입력: 210W / [구성] 바닥 / 솔형 / 틈새 / 연장툴 / 청정스테이션 / [배터리] 분리형 (1개) / 충전시간: 3시간30분 / 사용시간(개당): 1시간 / [성능] 디지털인버터모터 / 5단계여과 / [기능] 물걸레(별도구매) / 디스플레이표시창 / 자동물공급 / 배터리잔량표시 / 자동먼지비움 / [부가] 먼지통용량: 0.5L / 물통용량: 0.15L / 색상: 미드나잇블루 / 무게: 2.5kg / 액세서리크래들  / 크기(가로x세로x깊이): 250x930x202mm,458920
삼성전자 비스포크 제트 VS20A956A3,핸디스틱청소기 / 무선형 / 흡입전용 / 흡입력: 210W / [구성] 바닥 / 솔형 / 틈새 / 연장툴 / 청정스테이션 / [배터리] 분리형 (1개) / 충전시간: 3시간30분 / 사용시간(개당): 1시간 / [성능] 디지털인버터모터 / 5단계여과 / [기능] 물걸레(별도구매) / 디스플레이표시창 / 자동물공급 / 배터리잔량표시 / 자동먼지비움 / [부가] 먼지통용량: 0.5L / 물통용량: 0.15L / 색상: 미드나잇블루 / 무게: 2.5kg / 액세서리크래들  / 크기(가로x세로x깊이): 250x930x202mm,458920
삼성전자 비스포크 제트 VS20A956A3,핸디스틱청소기 / 무선형 / 흡입전용 / 흡입력: 210W / [구성] 바닥 / 솔형 / 틈새 / 연장툴 / 청정스테이션 / [배터리] 분리형 (1개) / 충전시간: 3시간30분 / 사용시간(개당): 1시간 / [성능] 디지털인버터모터 / 5단계여과 / [기능] 물걸레(별도구매) / 디스플레이표시창 / 자동물공급 / 배터리잔량표시 / 자동먼지비움 / [부가] 먼지통용량: 0.5L / 물통용량: 0.15L / 색상: 미드나잇블루 / 무게: 2.5kg / 액세서리크래들  / 크기(가로x세로x깊이): 250x930x202mm,458920
삼성전자 비스포크 제트 VS20A956A3,핸디스틱청소기 / 무선형 / 흡입전용 / 흡입력: 210W / [구성] 바닥 / 솔형 / 틈새 / 연장툴 / 청정스테이션 / [배터리] 분리형 (1개) / 충전시간: 3시간30분 / 사용시간(개당): 1시간 / [성능] 디지털인버터모터 / 5단계여과 / [기능] 물걸레(별도구매) / 디스플레이표시창 / 자동물공급 / 배터리잔량표시 / 자동먼지비움 / [부가] 먼지통용량: 0.5L / 물통용량: 0.15L / 색상: 미드나잇블루 / 무게: 2.5kg / 액세서리크래들  / 크기(가로x세로x깊이): 250x930x202mm,458920
삼성전자 비스포크 제트 VS20A956A3,핸디스틱청소기 / 무선형 / 흡입전용 / 흡입력: 210W / [구성] 바닥 / 솔형 / 틈새 / 연장툴 / 청정스테이션 / [배터리] 분리형 (1개) / 충전시간: 3시간30분 / 사용시간(개당): 1시간 / [성능] 디지털인버터모터 / 5단계여과 / [기능] 물걸레(별도구매) / 디스플레이표시창 / 자동물공급 / 배터리잔량표시 / 자동먼지비움 / [부가] 먼지통용량: 0.5L / 물통용량: 0.15L / 색상: 미드나잇블루 / 무게: 2.5kg / 액세서리크래들  / 크기(가로x세로x깊이): 250x930x202mm,458920
삼성전자 비스포크 제트 VS20A956A3,핸디스틱청소기 / 무선형 / 흡입전용 / 흡입력: 210W / [구성] 바닥 / 솔형 / 틈새 / 연장툴 / 청정스테이션 / [배터리] 분리형 (1개) / 충전시간: 3시간30분 / 사용시간(개당): 1시간 / [성능] 디지털인버터모터 / 5단계여과 / [기능] 물걸레(별도구매) / 디스플레이표시창 / 자동물공급 / 배터리잔량표시 / 자동먼지비움 / [부가] 먼지통용량: 0.5L / 물통용량: 0.15L / 색상: 미드나잇블루 / 무게: 2.5kg / 액세서리크래들  / 크기(가로x세로x깊이): 250x930x202mm,458920
삼성전자 비스포크 제트 VS20A956A3,핸디스틱청소기 / 무선형 / 흡입전용 / 흡입력: 210W / [구성] 바닥 / 솔형 / 틈새 / 연장툴 / 청정스테이션 / [배터리] 분리형 (1개) / 충전시간: 3시간30분 / 사용시간(개당): 1시간 / [성능] 디지털인버터모터 / 5단계여과 / [기능] 물걸레(별도구매) / 디스플레이표시창 / 자동물공급 / 배터리잔량표시 / 자동먼지비움 / [부가] 먼지통용량: 0.5L / 물통용량: 0.15L / 색상: 미드나잇블루 / 무게: 2.5kg / 액세서리크래들  / 크기(가로x세로x깊이): 250x930x202mm,458920
삼성전자 비스포크 제트 VS20A956A3,핸디스틱청소기 / 무선형 / 흡입전용 / 흡입력: 210W / [구성] 바닥 / 솔형 / 틈새 / 연장툴 / 청정스테이션 / [배터리] 분리형 (1개) / 충전시간: 3시간30분 / 사용시간(개당): 1시간 / [성능] 디지털인버터모터 / 5단계여과 / [기능] 물걸레(별도구매) / 디스플레이표시창 / 자동물공급 / 배터리잔량표시 / 자동먼지비움 / [부가] 먼지통용량: 0.5L / 물통용량: 0.15L / 색상: 미드나잇블루 / 무게: 2.5kg / 액세서리크래들  / 크기(가로x세로x깊이): 250x930x202mm,458920
삼성전자 비스포크 제트 VS20A956A3,핸디스틱청소기 / 무선형 / 흡입전용 / 흡입력: 210W / [구성] 바닥 / 솔형 / 틈새 / 연장툴 / 청정스테이션 / [배터리] 분리형 (1개) / 충전시간: 3시간30분 / 사용시간(개당): 1시간 / [성능] 디지털인버터모터 / 5단계여과 / [기능] 물걸레(별도구매) / 디스플레이표시창 / 자동물공급 / 배터리잔량표시 / 자동먼지비움 / [부가] 먼지통용량: 0.5L / 물통용량: 0.15L / 색상: 미드나잇블루 / 무게: 2.5kg / 액세서리크래들  / 크기(가로x세로x깊이): 250x930x202mm,458920
삼성전자 비스포크 제트 VS20A956A3,핸디스틱청소기 / 무선형 / 흡입전용 / 흡입력: 210W / [구성] 바닥 / 솔형 / 틈새 / 연장툴 / 청정스테이션 / [배터리] 분리형 (1개) / 충전시간: 3시간30분 / 사용시간(개당): 1시간 / [성능] 디지털인버터모터 / 5단계여과 / [기능] 물걸레(별도구매) / 디스플레이표시창 / 자동물공급 / 배터리잔량표시 / 자동먼지비움 / [부가] 먼지통용량: 0.5L / 물통용량: 0.15L / 색상: 미드나잇블루 / 무게: 2.5kg / 액세서리크래들  / 크기(가로x세로x깊이): 250x930x202mm,458920
삼성전자 비스포크 제트 VS20A956A3,핸디스틱청소기 / 무선형 / 흡입전용 / 흡입력: 210W / [구성] 바닥 / 솔형 / 틈새 / 연장툴 / 청정스테이션 / [배터리] 분리형 (1개) / 충전시간: 3시간30분 / 사용시간(개당): 1시간 / [성능] 디지털인버터모터 / 5단계여과 / [기능] 물걸레(별도구매) / 디스플레이표시창 / 자동물공급 / 배터리잔량표시 / 자동먼지비움 / [부가] 먼지통용량: 0.5L / 물통용량: 0.15L / 색상: 미드나잇블루 / 무게: 2.5kg / 액세서리크래들  / 크기(가로x세로x깊이): 250x930x202mm,458920
삼성전자 비스포크 제트 VS20A956A3,핸디스틱청소기 / 무선형 / 흡입전용 / 흡입력: 210W / [구성] 바닥 / 솔형 / 틈새 / 연장툴 / 청정스테이션 / [배터리] 분리형 (1개) / 충전시간: 3시간30분 / 사용시간(개당): 1시간 / [성능] 디지털인버터모터 / 5단계여과 / [기능] 물걸레(별도구매) / 디스플레이표시창 / 자동물공급 / 배터리잔량표시 / 자동먼지비움 / [부가] 먼지통용량: 0.5L / 물통용량: 0.15L / 색상: 미드나잇블루 / 무게: 2.5kg / 액세서리크래들  / 크기(가로x세로x깊이): 250x930x202mm,458920
삼성전자 비스포크 제트 VS20A956A3,핸디스틱청소기 / 무선형 / 흡입전용 / 흡입력: 210W / [구성] 바닥 / 솔형 / 틈새 / 연장툴 / 청정스테이션 / [배터리] 분리형 (1개) / 충전시간: 3시간30분 / 사용시간(개당): 1시간 / [성능] 디지털인버터모터 / 5단계여과 / [기능] 물걸레(별도구매) / 디스플레이표시창 / 자동물공급 / 배터리잔량표시 / 자동먼지비움 / [부가] 먼지통용량: 0.5L / 물통용량: 0.15L / 색상: 미드나잇블루 / 무게: 2.5kg / 액세서리크래들  / 크기(가로x세로x깊이): 250x930x202mm,458920
삼성전자 비스포크 제트 VS20A956A3,핸디스틱청소기 / 무선형 / 흡입전용 / 흡입력: 210W / [구성] 바닥 / 솔형 / 틈새 / 연장툴 / 청정스테이션 / [배터리] 분리형 (1개) / 충전시간: 3시간30분 / 사용시간(개당): 1시간 / [성능] 디지털인버터모터 / 5단계여과 / [기능] 물걸레(별도구매) / 디스플레이표시창 / 자동물공급 / 배터리잔량표시 / 자동먼지비움 / [부가] 먼지통용량: 0.5L / 물통용량: 0.15L / 색상: 미드나잇블루 / 무게: 2.5kg / 액세서리크래들  / 크기(가로x세로x깊이): 250x930x202mm,458920
삼성전자 비스포크 제트 VS20A956A3,핸디스틱청소기 / 무선형 / 흡입전용 / 흡입력: 210W / [구성] 바닥 / 솔형 / 틈새 / 연장툴 / 청정스테이션 / [배터리] 분리형 (1개) / 충전시간: 3시간30분 / 사용시간(개당): 1시간 / [성능] 디지털인버터모터 / 5단계여과 / [기능] 물걸레(별도구매) / 디스플레이표시창 / 자동물공급 / 배터리잔량표시 / 자동먼지비움 / [부가] 먼지통용량: 0.5L / 물통용량: 0.15L / 색상: 미드나잇블루 / 무게: 2.5kg / 액세서리크래들  / 크기(가로x세로x깊이): 250x930x202mm,458920
삼성전자 비스포크 제트 VS20A956A3,핸디스틱청소기 / 무선형 / 흡입전용 / 흡입력: 210W / [구성] 바닥 / 솔형 / 틈새 / 연장툴 / 청정스테이션 / [배터리] 분리형 (1개) / 충전시간: 3시간30분 / 사용시간(개당): 1시간 / [성능] 디지털인버터모터 / 5단계여과 / [기능] 물걸레(별도구매) / 디스플레이표시창 / 자동물공급 / 배터리잔량표시 / 자동먼지비움 / [부가] 먼지통용량: 0.5L / 물통용량: 0.15L / 색상: 미드나잇블루 / 무게: 2.5kg / 액세서리크래들  / 크기(가로x세로x깊이): 250x930x202mm,458920
삼성전자 비스포크 제트 VS20A956A3,핸디스틱청소기 / 무선형 / 흡입전용 / 흡입력: 210W / [구성] 바닥 / 솔형 / 틈새 / 연장툴 / 청정스테이션 / [배터리] 분리형 (1개) / 충전시간: 3시간30분 / 사용시간(개당): 1시간 / [성능] 디지털인버터모터 / 5단계여과 / [기능] 물걸레(별도구매) / 디스플레이표시창 / 자동물공급 / 배터리잔량표시 / 자동먼지비움 / [부가] 먼지통용량: 0.5L / 물통용량: 0.15L / 색상: 미드나잇블루 / 무게: 2.5kg / 액세서리크래들  / 크기(가로x세로x깊이): 250x930x202mm,458920
삼성전자 비스포크 제트 VS20A956A3,핸디스틱청소기 / 무선형 / 흡입전용 / 흡입력: 210W / [구성] 바닥 / 솔형 / 틈새 / 연장툴 / 청정스테이션 / [배터리] 분리형 (1개) / 충전시간: 3시간30분 / 사용시간(개당): 1시간 / [성능] 디지털인버터모터 / 5단계여과 / [기능] 물걸레(별도구매) / 디스플레이표시창 / 자동물공급 / 배터리잔량표시 / 자동먼지비움 / [부가] 먼지통용량: 0.5L / 물통용량: 0.15L / 색상: 미드나잇블루 / 무게: 2.5kg / 액세서리크래들  / 크기(가로x세로x깊이): 250x930x202mm,458920
삼성전자 비스포크 제트 VS20A956A3,핸디스틱청소기 / 무선형 / 흡입전용 / 흡입력: 210W / [구성] 바닥 / 솔형 / 틈새 / 연장툴 / 청정스테이션 / [배터리] 분리형 (1개) / 충전시간: 3시간30분 / 사용시간(개당): 1시간 / [성능] 디지털인버터모터 / 5단계여과 / [기능] 물걸레(별도구매) / 디스플레이표시창 / 자동물공급 / 배터리잔량표시 / 자동먼지비움 / [부가] 먼지통용량: 0.5L / 물통용량: 0.15L / 색상: 미드나잇블루 / 무게: 2.5kg / 액세서리크래들  / 크기(가로x세로x깊이): 250x930x202mm,458920
삼성전자 비스포크 제트 VS20A956A3,핸디스틱청소기 / 무선형 / 흡입전용 / 흡입력: 210W / [구성] 바닥 / 솔형 / 틈새 / 연장툴 / 청정스테이션 / [배터리] 분리형 (1개) / 충전시간: 3시간30분 / 사용시간(개당): 1시간 / [성능] 디지털인버터모터 / 5단계여과 / [기능] 물걸레(별도구매) / 디스플레이표시창 / 자동물공급 / 배터리잔량표시 / 자동먼지비움 / [부가] 먼지통용량: 0.5L / 물통용량: 0.15L / 색상: 미드나잇블루 / 무게: 2.5kg / 액세서리크래들  / 크기(가로x세로x깊이): 250x930x202mm,458920
삼성전자 비스포크 제트 VS20A956A3,핸디스틱청소기 / 무선형 / 흡입전용 / 흡입력: 210W / [구성] 바닥 / 솔형 / 틈새 / 연장툴 / 청정스테이션 / [배터리] 분리형 (1개) / 충전시간: 3시간30분 / 사용시간(개당): 1시간 / [성능] 디지털인버터모터 / 5단계여과 / [기능] 물걸레(별도구매) / 디스플레이표시창 / 자동물공급 / 배터리잔량표시 / 자동먼지비움 / [부가] 먼지통용량: 0.5L / 물통용량: 0.15L / 색상: 미드나잇블루 / 무게: 2.5kg / 액세서리크래들  / 크기(가로x세로x깊이): 250x930x202mm,458920
삼성전자 비스포크 제트 VS20A956A3,핸디스틱청소기 / 무선형 / 흡입전용 / 흡입력: 210W / [구성] 바닥 / 솔형 / 틈새 / 연장툴 / 청정스테이션 / [배터리] 분리형 (1개) / 충전시간: 3시간30분 / 사용시간(개당): 1시간 / [성능] 디지털인버터모터 / 5단계여과 / [기능] 물걸레(별도구매) / 디스플레이표시창 / 자동물공급 / 배터리잔량표시 / 자동먼지비움 / [부가] 먼지통용량: 0.5L / 물통용량: 0.15L / 색상: 미드나잇블루 / 무게: 2.5kg / 액세서리크래들  / 크기(가로x세로x깊이): 250x930x202mm,458920
삼성전자 비스포크 제트 VS20A956A3,핸디스틱청소기 / 무선형 / 흡입전용 / 흡입력: 210W / [구성] 바닥 / 솔형 / 틈새 / 연장툴 / 청정스테이션 / [배터리] 분리형 (1개) / 충전시간: 3시간30분 / 사용시간(개당): 1시간 / [성능] 디지털인버터모터 / 5단계여과 / [기능] 물걸레(별도구매) / 디스플레이표시창 / 자동물공급 / 배터리잔량표시 / 자동먼지비움 / [부가] 먼지통용량: 0.5L / 물통용량: 0.15L / 색상: 미드나잇블루 / 무게: 2.5kg / 액세서리크래들  / 크기(가로x세로x깊이): 250x930x202mm,458920
삼성전자 비스포크 제트 VS20A956A3,핸디스틱청소기 / 무선형 / 흡입전용 / 흡입력: 210W / [구성] 바닥 / 솔형 / 틈새 / 연장툴 / 청정스테이션 / [배터리] 분리형 (1개) / 충전시간: 3시간30분 / 사용시간(개당): 1시간 / [성능] 디지털인버터모터 / 5단계여과 / [기능] 물걸레(별도구매) / 디스플레이표시창 / 자동물공급 / 배터리잔량표시 / 자동먼지비움 / [부가] 먼지통용량: 0.5L / 물통용량: 0.15L / 색상: 미드나잇블루 / 무게: 2.5kg / 액세서리크래들  / 크기(가로x세로x깊이): 250x930x202mm,458920
삼성전자 비스포크 제트 VS20A956A3,핸디스틱청소기 / 무선형 / 흡입전용 / 흡입력: 210W / [구성] 바닥 / 솔형 / 틈새 / 연장툴 / 청정스테이션 / [배터리] 분리형 (1개) / 충전시간: 3시간30분 / 사용시간(개당): 1시간 / [성능] 디지털인버터모터 / 5단계여과 / [기능] 물걸레(별도구매) / 디스플레이표시창 / 자동물공급 / 배터리잔량표시 / 자동먼지비움 / [부가] 먼지통용량: 0.5L / 물통용량: 0.15L / 색상: 미드나잇블루 / 무게: 2.5kg / 액세서리크래들  / 크기(가로x세로x깊이): 250x930x202mm,458920
삼성전자 비스포크 제트 VS20A956A3,핸디스틱청소기 / 무선형 / 흡입전용 / 흡입력: 210W / [구성] 바닥 / 솔형 / 틈새 / 연장툴 / 청정스테이션 / [배터리] 분리형 (1개) / 충전시간: 3시간30분 / 사용시간(개당): 1시간 / [성능] 디지털인버터모터 / 5단계여과 / [기능] 물걸레(별도구매) / 디스플레이표시창 / 자동물공급 / 배터리잔량표시 / 자동먼지비움 / [부가] 먼지통용량: 0.5L / 물통용량: 0.15L / 색상: 미드나잇블루 / 무게: 2.5kg / 액세서리크래들  / 크기(가로x세로x깊이): 250x930x202mm,458920
삼성전자 비스포크 제트 VS20A956A3,핸디스틱청소기 / 무선형 / 흡입전용 / 흡입력: 210W / [구성] 바닥 / 솔형 / 틈새 / 연장툴 / 청정스테이션 / [배터리] 분리형 (1개) / 충전시간: 3시간30분 / 사용시간(개당): 1시간 / [성능] 디지털인버터모터 / 5단계여과 / [기능] 물걸레(별도구매) / 디스플레이표시창 / 자동물공급 / 배터리잔량표시 / 자동먼지비움 / [부가] 먼지통용량: 0.5L / 물통용량: 0.15L / 색상: 미드나잇블루 / 무게: 2.5kg / 액세서리크래들  / 크기(가로x세로x깊이): 250x930x202mm,458920
삼성전자 비스포크 제트 VS20A956A3,핸디스틱청소기 / 무선형 / 흡입전용 / 흡입력: 210W / [구성] 바닥 / 솔형 / 틈새 / 연장툴 / 청정스테이션 / [배터리] 분리형 (1개) / 충전시간: 3시간30분 / 사용시간(개당): 1시간 / [성능] 디지털인버터모터 / 5단계여과 / [기능] 물걸레(별도구매) / 디스플레이표시창 / 자동물공급 / 배터리잔량표시 / 자동먼지비움 / [부가] 먼지통용량: 0.5L / 물통용량: 0.15L / 색상: 미드나잇블루 / 무게: 2.5kg / 액세서리크래들  / 크기(가로x세로x깊이): 250x930x202mm,458920
삼성전자 비스포크 제트 VS20A956A3,핸디스틱청소기 / 무선형 / 흡입전용 / 흡입력: 210W / [구성] 바닥 / 솔형 / 틈새 / 연장툴 / 청정스테이션 / [배터리] 분리형 (1개) / 충전시간: 3시간30분 / 사용시간(개당): 1시간 / [성능] 디지털인버터모터 / 5단계여과 / [기능] 물걸레(별도구매) / 디스플레이표시창 / 자동물공급 / 배터리잔량표시 / 자동먼지비움 / [부가] 먼지통용량: 0.5L / 물통용량: 0.15L / 색상: 미드나잇블루 / 무게: 2.5kg / 액세서리크래들  / 크기(가로x세로x깊이): 250x930x202mm,458920
삼성전자 비스포크 제트 VS20A956A3,핸디스틱청소기 / 무선형 / 흡입전용 / 흡입력: 210W / [구성] 바닥 / 솔형 / 틈새 / 연장툴 / 청정스테이션 / [배터리] 분리형 (1개) / 충전시간: 3시간30분 / 사용시간(개당): 1시간 / [성능] 디지털인버터모터 / 5단계여과 / [기능] 물걸레(별도구매) / 디스플레이표시창 / 자동물공급 / 배터리잔량표시 / 자동먼지비움 / [부가] 먼지통용량: 0.5L / 물통용량: 0.15L / 색상: 미드나잇블루 / 무게: 2.5kg / 액세서리크래들  / 크기(가로x세로x깊이): 250x930x202mm,458920
삼성전자 비스포크 제트 VS20A956A3,핸디스틱청소기 / 무선형 / 흡입전용 / 흡입력: 210W / [구성] 바닥 / 솔형 / 틈새 / 연장툴 / 청정스테이션 / [배터리] 분리형 (1개) / 충전시간: 3시간30분 / 사용시간(개당): 1시간 / [성능] 디지털인버터모터 / 5단계여과 / [기능] 물걸레(별도구매) / 디스플레이표시창 / 자동물공급 / 배터리잔량표시 / 자동먼지비움 / [부가] 먼지통용량: 0.5L / 물통용량: 0.15L / 색상: 미드나잇블루 / 무게: 2.5kg / 액세서리크래들  / 크기(가로x세로x깊이): 250x930x202mm,458920
삼성전자 비스포크 제트 VS20A956A3,핸디스틱청소기 / 무선형 / 흡입전용 / 흡입력: 210W / [구성] 바닥 / 솔형 / 틈새 / 연장툴 / 청정스테이션 / [배터리] 분리형 (1개) / 충전시간: 3시간30분 / 사용시간(개당): 1시간 / [성능] 디지털인버터모터 / 5단계여과 / [기능] 물걸레(별도구매) / 디스플레이표시창 / 자동물공급 / 배터리잔량표시 / 자동먼지비움 / [부가] 먼지통용량: 0.5L / 물통용량: 0.15L / 색상: 미드나잇블루 / 무게: 2.5kg / 액세서리크래들  / 크기(가로x세로x깊이): 250x930x202mm,458920
LG전자 코드제로 A9S AT9270,핸디스틱청소기 / 무선형 / 흡입+물걸레겸용 / 흡입력: 200W / [구성] 바닥 / 물걸레 / 솔형 / 틈새 / 올인원타워 / [배터리] 분리형 (1개) / 충전시간: 4시간 / 사용시간(개당): 1시간 / [성능] 스마트인버터모터 / 분리형배기필터 / 헤파필터 / 5단계여과 / [기능] IoT기능 / 자동물공급 / 배터리잔량표시 / 자동먼지비움 / [부가] 색상: 판타지실버+딥그레이 / 무게: 2.6kg / 크기(가로x세로x깊이): 250x1120x260mm,665552
LG전자 코드제로 A9S AT9270,핸디스틱청소기 / 무선형 / 흡입+물걸레겸용 / 흡입력: 200W / [구성] 바닥 / 물걸레 / 솔형 / 틈새 / 올인원타워 / [배터리] 분리형 (1개) / 충전시간: 4시간 / 사용시간(개당): 1시간 / [성능] 스마트인버터모터 / 분리형배기필터 / 헤파필터 / 5단계여과 / [기능] IoT기능 / 자동물공급 / 배터리잔량표시 / 자동먼지비움 / [부가] 색상: 판타지실버+딥그레이 / 무게: 2.6kg / 크기(가로x세로x깊이): 250x1120x260mm,665552
LG전자 코드제로 A9S AT9270,핸디스틱청소기 / 무선형 / 흡입+물걸레겸용 / 흡입력: 200W / [구성] 바닥 / 물걸레 / 솔형 / 틈새 / 올인원타워 / [배터리] 분리형 (1개) / 충전시간: 4시간 / 사용시간(개당): 1시간 / [성능] 스마트인버터모터 / 분리형배기필터 / 헤파필터 / 5단계여과 / [기능] IoT기능 / 자동물공급 / 배터리잔량표시 / 자동먼지비움 / [부가] 색상: 판타지실버+딥그레이 / 무게: 2.6kg / 크기(가로x세로x깊이): 250x1120x260mm,665552
LG전자 코드제로 A9S AT9270,핸디스틱청소기 / 무선형 / 흡입+물걸레겸용 / 흡입력: 200W / [구성] 바닥 / 물걸레 / 솔형 / 틈새 / 올인원타워 / [배터리] 분리형 (1개) / 충전시간: 4시간 / 사용시간(개당): 1시간 / [성능] 스마트인버터모터 / 분리형배기필터 / 헤파필터 / 5단계여과 / [기능] IoT기능 / 자동물공급 / 배터리잔량표시 / 자동먼지비움 / [부가] 색상: 판타지실버+딥그레이 / 무게: 2.6kg / 크기(가로x세로x깊이): 250x1120x260mm,665552
LG전자 코드제로 A9S AT9270,핸디스틱청소기 / 무선형 / 흡입+물걸레겸용 / 흡입력: 200W / [구성] 바닥 / 물걸레 / 솔형 / 틈새 / 올인원타워 / [배터리] 분리형 (1개) / 충전시간: 4시간 / 사용시간(개당): 1시간 / [성능] 스마트인버터모터 / 분리형배기필터 / 헤파필터 / 5단계여과 / [기능] IoT기능 / 자동물공급 / 배터리잔량표시 / 자동먼지비움 / [부가] 색상: 판타지실버+딥그레이 / 무게: 2.6kg / 크기(가로x세로x깊이): 250x1120x260mm,665552
LG전자 코드제로 A9S AT9270,핸디스틱청소기 / 무선형 / 흡입+물걸레겸용 / 흡입력: 200W / [구성] 바닥 / 물걸레 / 솔형 / 틈새 / 올인원타워 / [배터리] 분리형 (1개) / 충전시간: 4시간 / 사용시간(개당): 1시간 / [성능] 스마트인버터모터 / 분리형배기필터 / 헤파필터 / 5단계여과 / [기능] IoT기능 / 자동물공급 / 배터리잔량표시 / 자동먼지비움 / [부가] 색상: 판타지실버+딥그레이 / 무게: 2.6kg / 크기(가로x세로x깊이): 250x1120x260mm,665552
LG전자 코드제로 A9S AT9270,핸디스틱청소기 / 무선형 / 흡입+물걸레겸용 / 흡입력: 200W / [구성] 바닥 / 물걸레 / 솔형 / 틈새 / 올인원타워 / [배터리] 분리형 (1개) / 충전시간: 4시간 / 사용시간(개당): 1시간 / [성능] 스마트인버터모터 / 분리형배기필터 / 헤파필터 / 5단계여과 / [기능] IoT기능 / 자동물공급 / 배터리잔량표시 / 자동먼지비움 / [부가] 색상: 판타지실버+딥그레이 / 무게: 2.6kg / 크기(가로x세로x깊이): 250x1120x260mm,665552
LG전자 코드제로 A9S AT9270,핸디스틱청소기 / 무선형 / 흡입+물걸레겸용 / 흡입력: 200W / [구성] 바닥 / 물걸레 / 솔형 / 틈새 / 올인원타워 / [배터리] 분리형 (1개) / 충전시간: 4시간 / 사용시간(개당): 1시간 / [성능] 스마트인버터모터 / 분리형배기필터 / 헤파필터 / 5단계여과 / [기능] IoT기능 / 자동물공급 / 배터리잔량표시 / 자동먼지비움 / [부가] 색상: 판타지실버+딥그레이 / 무게: 2.6kg / 크기(가로x세로x깊이): 250x1120x260mm,665552
LG전자 코드제로 A9S AT9270,핸디스틱청소기 / 무선형 / 흡입+물걸레겸용 / 흡입력: 200W / [구성] 바닥 / 물걸레 / 솔형 / 틈새 / 올인원타워 / [배터리] 분리형 (1개) / 충전시간: 4시간 / 사용시간(개당): 1시간 / [성능] 스마트인버터모터 / 분리형배기필터 / 헤파필터 / 5단계여과 / [기능] IoT기능 / 자동물공급 / 배터리잔량표시 / 자동먼지비움 / [부가] 색상: 판타지실버+딥그레이 / 무게: 2.6kg / 크기(가로x세로x깊이): 250x1120x260mm,665552
LG전자 코드제로 A9S AT9270,핸디스틱청소기 / 무선형 / 흡입+물걸레겸용 / 흡입력: 200W / [구성] 바닥 / 물걸레 / 솔형 / 틈새 / 올인원타워 / [배터리] 분리형 (1개) / 충전시간: 4시간 / 사용시간(개당): 1시간 / [성능] 스마트인버터모터 / 분리형배기필터 / 헤파필터 / 5단계여과 / [기능] IoT기능 / 자동물공급 / 배터리잔량표시 / 자동먼지비움 / [부가] 색상: 판타지실버+딥그레이 / 무게: 2.6kg / 크기(가로x세로x깊이): 250x1120x260mm,665552
LG전자 코드제로 A9S AT9270,핸디스틱청소기 / 무선형 / 흡입+물걸레겸용 / 흡입력: 200W / [구성] 바닥 / 물걸레 / 솔형 / 틈새 / 올인원타워 / [배터리] 분리형 (1개) / 충전시간: 4시간 / 사용시간(개당): 1시간 / [성능] 스마트인버터모터 / 분리형배기필터 / 헤파필터 / 5단계여과 / [기능] IoT기능 / 자동물공급 / 배터리잔량표시 / 자동먼지비움 / [부가] 색상: 판타지실버+딥그레이 / 무게: 2.6kg / 크기(가로x세로x깊이): 250x1120x260mm,665552
LG전자 코드제로 A9S AT9270,핸디스틱청소기 / 무선형 / 흡입+물걸레겸용 / 흡입력: 200W / [구성] 바닥 / 물걸레 / 솔형 / 틈새 / 올인원타워 / [배터리] 분리형 (1개) / 충전시간: 4시간 / 사용시간(개당): 1시간 / [성능] 스마트인버터모터 / 분리형배기필터 / 헤파필터 / 5단계여과 / [기능] IoT기능 / 자동물공급 / 배터리잔량표시 / 자동먼지비움 / [부가] 색상: 판타지실버+딥그레이 / 무게: 2.6kg / 크기(가로x세로x깊이): 250x1120x260mm,665552
LG전자 코드제로 A9S AT9270,핸디스틱청소기 / 무선형 / 흡입+물걸레겸용 / 흡입력: 200W / [구성] 바닥 / 물걸레 / 솔형 / 틈새 / 올인원타워 / [배터리] 분리형 (1개) / 충전시간: 4시간 / 사용시간(개당): 1시간 / [성능] 스마트인버터모터 / 분리형배기필터 / 헤파필터 / 5단계여과 / [기능] IoT기능 / 자동물공급 / 배터리잔량표시 / 자동먼지비움 / [부가] 색상: 판타지실버+딥그레이 / 무게: 2.6kg / 크기(가로x세로x깊이): 250x1120x260mm,665552
LG전자 코드제로 A9S AT9270,핸디스틱청소기 / 무선형 / 흡입+물걸레겸용 / 흡입력: 200W / [구성] 바닥 / 물걸레 / 솔형 / 틈새 / 올인원타워 / [배터리] 분리형 (1개) / 충전시간: 4시간 / 사용시간(개당): 1시간 / [성능] 스마트인버터모터 / 분리형배기필터 / 헤파필터 / 5단계여과 / [기능] IoT기능 / 자동물공급 / 배터리잔량표시 / 자동먼지비움 / [부가] 색상: 판타지실버+딥그레이 / 무게: 2.6kg / 크기(가로x세로x깊이): 250x1120x260mm,665552
LG전자 코드제로 A9S AT9270,핸디스틱청소기 / 무선형 / 흡입+물걸레겸용 / 흡입력: 200W / [구성] 바닥 / 물걸레 / 솔형 / 틈새 / 올인원타워 / [배터리] 분리형 (1개) / 충전시간: 4시간 / 사용시간(개당): 1시간 / [성능] 스마트인버터모터 / 분리형배기필터 / 헤파필터 / 5단계여과 / [기능] IoT기능 / 자동물공급 / 배터리잔량표시 / 자동먼지비움 / [부가] 색상: 판타지실버+딥그레이 / 무게: 2.6kg / 크기(가로x세로x깊이): 250x1120x260mm,665552
LG전자 코드제로 A9S AT9270,핸디스틱청소기 / 무선형 / 흡입+물걸레겸용 / 흡입력: 200W / [구성] 바닥 / 물걸레 / 솔형 / 틈새 / 올인원타워 / [배터리] 분리형 (1개) / 충전시간: 4시간 / 사용시간(개당): 1시간 / [성능] 스마트인버터모터 / 분리형배기필터 / 헤파필터 / 5단계여과 / [기능] IoT기능 / 자동물공급 / 배터리잔량표시 / 자동먼지비움 / [부가] 색상: 판타지실버+딥그레이 / 무게: 2.6kg / 크기(가로x세로x깊이): 250x1120x260mm,665552
LG전자 코드제로 A9S AT9270,핸디스틱청소기 / 무선형 / 흡입+물걸레겸용 / 흡입력: 200W / [구성] 바닥 / 물걸레 / 솔형 / 틈새 / 올인원타워 / [배터리] 분리형 (1개) / 충전시간: 4시간 / 사용시간(개당): 1시간 / [성능] 스마트인버터모터 / 분리형배기필터 / 헤파필터 / 5단계여과 / [기능] IoT기능 / 자동물공급 / 배터리잔량표시 / 자동먼지비움 / [부가] 색상: 판타지실버+딥그레이 / 무게: 2.6kg / 크기(가로x세로x깊이): 250x1120x260mm,665552
LG전자 코드제로 A9S AT9270,핸디스틱청소기 / 무선형 / 흡입+물걸레겸용 / 흡입력: 200W / [구성] 바닥 / 물걸레 / 솔형 / 틈새 / 올인원타워 / [배터리] 분리형 (1개) / 충전시간: 4시간 / 사용시간(개당): 1시간 / [성능] 스마트인버터모터 / 분리형배기필터 / 헤파필터 / 5단계여과 / [기능] IoT기능 / 자동물공급 / 배터리잔량표시 / 자동먼지비움 / [부가] 색상: 판타지실버+딥그레이 / 무게: 2.6kg / 크기(가로x세로x깊이): 250x1120x260mm,665552
LG전자 코드제로 A9S AT9270,핸디스틱청소기 / 무선형 / 흡입+물걸레겸용 / 흡입력: 200W / [구성] 바닥 / 물걸레 / 솔형 / 틈새 / 올인원타워 / [배터리] 분리형 (1개) / 충전시간: 4시간 / 사용시간(개당): 1시간 / [성능] 스마트인버터모터 / 분리형배기필터 / 헤파필터 / 5단계여과 / [기능] IoT기능 / 자동물공급 / 배터리잔량표시 / 자동먼지비움 / [부가] 색상: 판타지실버+딥그레이 / 무게: 2.6kg / 크기(가로x세로x깊이): 250x1120x260mm,665552
LG전자 코드제로 A9S AT9270,핸디스틱청소기 / 무선형 / 흡입+물걸레겸용 / 흡입력: 200W / [구성] 바닥 / 물걸레 / 솔형 / 틈새 / 올인원타워 / [배터리] 분리형 (1개) / 충전시간: 4시간 / 사용시간(개당): 1시간 / [성능] 스마트인버터모터 / 분리형배기필터 / 헤파필터 / 5단계여과 / [기능] IoT기능 / 자동물공급 / 배터리잔량표시 / 자동먼지비움 / [부가] 색상: 판타지실버+딥그레이 / 무게: 2.6kg / 크기(가로x세로x깊이): 250x1120x260mm,665552
LG전자 코드제로 A9S AT9270,핸디스틱청소기 / 무선형 / 흡입+물걸레겸용 / 흡입력: 200W / [구성] 바닥 / 물걸레 / 솔형 / 틈새 / 올인원타워 / [배터리] 분리형 (1개) / 충전시간: 4시간 / 사용시간(개당): 1시간 / [성능] 스마트인버터모터 / 분리형배기필터 / 헤파필터 / 5단계여과 / [기능] IoT기능 / 자동물공급 / 배터리잔량표시 / 자동먼지비움 / [부가] 색상: 판타지실버+딥그레이 / 무게: 2.6kg / 크기(가로x세로x깊이): 250x1120x260mm,665552
LG전자 코드제로 A9S AT9270,핸디스틱청소기 / 무선형 / 흡입+물걸레겸용 / 흡입력: 200W / [구성] 바닥 / 물걸레 / 솔형 / 틈새 / 올인원타워 / [배터리] 분리형 (1개) / 충전시간: 4시간 / 사용시간(개당): 1시간 / [성능] 스마트인버터모터 / 분리형배기필터 / 헤파필터 / 5단계여과 / [기능] IoT기능 / 자동물공급 / 배터리잔량표시 / 자동먼지비움 / [부가] 색상: 판타지실버+딥그레이 / 무게: 2.6kg / 크기(가로x세로x깊이): 250x1120x260mm,665552
LG전자 코드제로 A9S AT9270,핸디스틱청소기 / 무선형 / 흡입+물걸레겸용 / 흡입력: 200W / [구성] 바닥 / 물걸레 / 솔형 / 틈새 / 올인원타워 / [배터리] 분리형 (1개) / 충전시간: 4시간 / 사용시간(개당): 1시간 / [성능] 스마트인버터모터 / 분리형배기필터 / 헤파필터 / 5단계여과 / [기능] IoT기능 / 자동물공급 / 배터리잔량표시 / 자동먼지비움 / [부가] 색상: 판타지실버+딥그레이 / 무게: 2.6kg / 크기(가로x세로x깊이): 250x1120x260mm,665552
LG전자 코드제로 A9S AT9270,핸디스틱청소기 / 무선형 / 흡입+물걸레겸용 / 흡입력: 200W / [구성] 바닥 / 물걸레 / 솔형 / 틈새 / 올인원타워 / [배터리] 분리형 (1개) / 충전시간: 4시간 / 사용시간(개당): 1시간 / [성능] 스마트인버터모터 / 분리형배기필터 / 헤파필터 / 5단계여과 / [기능] IoT기능 / 자동물공급 / 배터리잔량표시 / 자동먼지비움 / [부가] 색상: 판타지실버+딥그레이 / 무게: 2.6kg / 크기(가로x세로x깊이): 250x1120x260mm,665552
LG전자 코드제로 A9S AT9270,핸디스틱청소기 / 무선형 / 흡입+물걸레겸용 / 흡입력: 200W / [구성] 바닥 / 물걸레 / 솔형 / 틈새 / 올인원타워 / [배터리] 분리형 (1개) / 충전시간: 4시간 / 사용시간(개당): 1시간 / [성능] 스마트인버터모터 / 분리형배기필터 / 헤파필터 / 5단계여과 / [기능] IoT기능 / 자동물공급 / 배터리잔량표시 / 자동먼지비움 / [부가] 색상: 판타지실버+딥그레이 / 무게: 2.6kg / 크기(가로x세로x깊이): 250x1120x260mm,665552
LG전자 코드제로 A9S AT9270,핸디스틱청소기 / 무선형 / 흡입+물걸레겸용 / 흡입력: 200W / [구성] 바닥 / 물걸레 / 솔형 / 틈새 / 올인원타워 / [배터리] 분리형 (1개) / 충전시간: 4시간 / 사용시간(개당): 1시간 / [성능] 스마트인버터모터 / 분리형배기필터 / 헤파필터 / 5단계여과 / [기능] IoT기능 / 자동물공급 / 배터리잔량표시 / 자동먼지비움 / [부가] 색상: 판타지실버+딥그레이 / 무게: 2.6kg / 크기(가로x세로x깊이): 250x1120x260mm,665552
LG전자 코드제로 A9S AT9270,핸디스틱청소기 / 무선형 / 흡입+물걸레겸용 / 흡입력: 200W / [구성] 바닥 / 물걸레 / 솔형 / 틈새 / 올인원타워 / [배터리] 분리형 (1개) / 충전시간: 4시간 / 사용시간(개당): 1시간 / [성능] 스마트인버터모터 / 분리형배기필터 / 헤파필터 / 5단계여과 / [기능] IoT기능 / 자동물공급 / 배터리잔량표시 / 자동먼지비움 / [부가] 색상: 판타지실버+딥그레이 / 무게: 2.6kg / 크기(가로x세로x깊이): 250x1120x260mm,665552
LG전자 코드제로 A9S AT9270,핸디스틱청소기 / 무선형 / 흡입+물걸레겸용 / 흡입력: 200W / [구성] 바닥 / 물걸레 / 솔형 / 틈새 / 올인원타워 / [배터리] 분리형 (1개) / 충전시간: 4시간 / 사용시간(개당): 1시간 / [성능] 스마트인버터모터 / 분리형배기필터 / 헤파필터 / 5단계여과 / [기능] IoT기능 / 자동물공급 / 배터리잔량표시 / 자동먼지비움 / [부가] 색상: 판타지실버+딥그레이 / 무게: 2.6kg / 크기(가로x세로x깊이): 250x1120x260mm,665552
LG전자 코드제로 A9S AT9270,핸디스틱청소기 / 무선형 / 흡입+물걸레겸용 / 흡입력: 200W / [구성] 바닥 / 물걸레 / 솔형 / 틈새 / 올인원타워 / [배터리] 분리형 (1개) / 충전시간: 4시간 / 사용시간(개당): 1시간 / [성능] 스마트인버터모터 / 분리형배기필터 / 헤파필터 / 5단계여과 / [기능] IoT기능 / 자동물공급 / 배터리잔량표시 / 자동먼지비움 / [부가] 색상: 판타지실버+딥그레이 / 무게: 2.6kg / 크기(가로x세로x깊이): 250x1120x260mm,665552
LG전자 코드제로 A9S AT9270,핸디스틱청소기 / 무선형 / 흡입+물걸레겸용 / 흡입력: 200W / [구성] 바닥 / 물걸레 / 솔형 / 틈새 / 올인원타워 / [배터리] 분리형 (1개) / 충전시간: 4시간 / 사용시간(개당): 1시간 / [성능] 스마트인버터모터 / 분리형배기필터 / 헤파필터 / 5단계여과 / [기능] IoT기능 / 자동물공급 / 배터리잔량표시 / 자동먼지비움 / [부가] 색상: 판타지실버+딥그레이 / 무게: 2.6kg / 크기(가로x세로x깊이): 250x1120x260mm,665552
LG전자 코드제로 A9S AT9270,핸디스틱청소기 / 무선형 / 흡입+물걸레겸용 / 흡입력: 200W / [구성] 바닥 / 물걸레 / 솔형 / 틈새 / 올인원타워 / [배터리] 분리형 (1개) / 충전시간: 4시간 / 사용시간(개당): 1시간 / [성능] 스마트인버터모터 / 분리형배기필터 / 헤파필터 / 5단계여과 / [기능] IoT기능 / 자동물공급 / 배터리잔량표시 / 자동먼지비움 / [부가] 색상: 판타지실버+딥그레이 / 무게: 2.6kg / 크기(가로x세로x깊이): 250x1120x260mm,665552
LG전자 코드제로 A9S AT9270,핸디스틱청소기 / 무선형 / 흡입+물걸레겸용 / 흡입력: 200W / [구성] 바닥 / 물걸레 / 솔형 / 틈새 / 올인원타워 / [배터리] 분리형 (1개) / 충전시간: 4시간 / 사용시간(개당): 1시간 / [성능] 스마트인버터모터 / 분리형배기필터 / 헤파필터 / 5단계여과 / [기능] IoT기능 / 자동물공급 / 배터리잔량표시 / 자동먼지비움 / [부가] 색상: 판타지실버+딥그레이 / 무게: 2.6kg / 크기(가로x세로x깊이): 250x1120x260mm,665552
LG전자 코드제로 A9S AT9270,핸디스틱청소기 / 무선형 / 흡입+물걸레겸용 / 흡입력: 200W / [구성] 바닥 / 물걸레 / 솔형 / 틈새 / 올인원타워 / [배터리] 분리형 (1개) / 충전시간: 4시간 / 사용시간(개당): 1시간 / [성능] 스마트인버터모터 / 분리형배기필터 / 헤파필터 / 5단계여과 / [기능] IoT기능 / 자동물공급 / 배터리잔량표시 / 자동먼지비움 / [부가] 색상: 판타지실버+딥그레이 / 무게: 2.6kg / 크기(가로x세로x깊이): 250x1120x260mm,665552
LG전자 코드제로 A9S AT9270,핸디스틱청소기 / 무선형 / 흡입+물걸레겸용 / 흡입력: 200W / [구성] 바닥 / 물걸레 / 솔형 / 틈새 / 올인원타워 / [배터리] 분리형 (1개) / 충전시간: 4시간 / 사용시간(개당): 1시간 / [성능] 스마트인버터모터 / 분리형배기필터 / 헤파필터 / 5단계여과 / [기능] IoT기능 / 자동물공급 / 배터리잔량표시 / 자동먼지비움 / [부가] 색상: 판타지실버+딥그레이 / 무게: 2.6kg / 크기(가로x세로x깊이): 250x1120x260mm,665552
LG전자 코드제로 A9S AT9270,핸디스틱청소기 / 무선형 / 흡입+물걸레겸용 / 흡입력: 200W / [구성] 바닥 / 물걸레 / 솔형 / 틈새 / 올인원타워 / [배터리] 분리형 (1개) / 충전시간: 4시간 / 사용시간(개당): 1시간 / [성능] 스마트인버터모터 / 분리형배기필터 / 헤파필터 / 5단계여과 / [기능] IoT기능 / 자동물공급 / 배터리잔량표시 / 자동먼지비움 / [부가] 색상: 판타지실버+딥그레이 / 무게: 2.6kg / 크기(가로x세로x깊이): 250x1120x260mm,665552
LG전자 코드제로 A9S AT9270,핸디스틱청소기 / 무선형 / 흡입+물걸레겸용 / 흡입력: 200W / [구성] 바닥 / 물걸레 / 솔형 / 틈새 / 올인원타워 / [배터리] 분리형 (1개) / 충전시간: 4시간 / 사용시간(개당): 1시간 / [성능] 스마트인버터모터 / 분리형배기필터 / 헤파필터 / 5단계여과 / [기능] IoT기능 / 자동물공급 / 배터리잔량표시 / 자동먼지비움 / [부가] 색상: 판타지실버+딥그레이 / 무게: 2.6kg / 크기(가로x세로x깊이): 250x1120x260mm,665552
LG전자 코드제로 A9S AT9270,핸디스틱청소기 / 무선형 / 흡입+물걸레겸용 / 흡입력: 200W / [구성] 바닥 / 물걸레 / 솔형 / 틈새 / 올인원타워 / [배터리] 분리형 (1개) / 충전시간: 4시간 / 사용시간(개당): 1시간 / [성능] 스마트인버터모터 / 분리형배기필터 / 헤파필터 / 5단계여과 / [기능] IoT기능 / 자동물공급 / 배터리잔량표시 / 자동먼지비움 / [부가] 색상: 판타지실버+딥그레이 / 무게: 2.6kg / 크기(가로x세로x깊이): 250x1120x260mm,665552
LG전자 코드제로 A9S AT9270,핸디스틱청소기 / 무선형 / 흡입+물걸레겸용 / 흡입력: 200W / [구성] 바닥 / 물걸레 / 솔형 / 틈새 / 올인원타워 / [배터리] 분리형 (1개) / 충전시간: 4시간 / 사용시간(개당): 1시간 / [성능] 스마트인버터모터 / 분리형배기필터 / 헤파필터 / 5단계여과 / [기능] IoT기능 / 자동물공급 / 배터리잔량표시 / 자동먼지비움 / [부가] 색상: 판타지실버+딥그레이 / 무게: 2.6kg / 크기(가로x세로x깊이): 250x1120x260mm,665552
LG전자 코드제로 A9S AT9270,핸디스틱청소기 / 무선형 / 흡입+물걸레겸용 / 흡입력: 200W / [구성] 바닥 / 물걸레 / 솔형 / 틈새 / 올인원타워 / [배터리] 분리형 (1개) / 충전시간: 4시간 / 사용시간(개당): 1시간 / [성능] 스마트인버터모터 / 분리형배기필터 / 헤파필터 / 5단계여과 / [기능] IoT기능 / 자동물공급 / 배터리잔량표시 / 자동먼지비움 / [부가] 색상: 판타지실버+딥그레이 / 무게: 2.6kg / 크기(가로x세로x깊이): 250x1120x260mm,665552
LG전자 코드제로 A9S AT9270,핸디스틱청소기 / 무선형 / 흡입+물걸레겸용 / 흡입력: 200W / [구성] 바닥 / 물걸레 / 솔형 / 틈새 / 올인원타워 / [배터리] 분리형 (1개) / 충전시간: 4시간 / 사용시간(개당): 1시간 / [성능] 스마트인버터모터 / 분리형배기필터 / 헤파필터 / 5단계여과 / [기능] IoT기능 / 자동물공급 / 배터리잔량표시 / 자동먼지비움 / [부가] 색상: 판타지실버+딥그레이 / 무게: 2.6kg / 크기(가로x세로x깊이): 250x1120x260mm,665552
LG전자 코드제로 A9S AT9270,핸디스틱청소기 / 무선형 / 흡입+물걸레겸용 / 흡입력: 200W / [구성] 바닥 / 물걸레 / 솔형 / 틈새 / 올인원타워 / [배터리] 분리형 (1개) / 충전시간: 4시간 / 사용시간(개당): 1시간 / [성능] 스마트인버터모터 / 분리형배기필터 / 헤파필터 / 5단계여과 / [기능] IoT기능 / 자동물공급 / 배터리잔량표시 / 자동먼지비움 / [부가] 색상: 판타지실버+딥그레이 / 무게: 2.6kg / 크기(가로x세로x깊이): 250x1120x260mm,665552
LG전자 코드제로 A9S AT9270,핸디스틱청소기 / 무선형 / 흡입+물걸레겸용 / 흡입력: 200W / [구성] 바닥 / 물걸레 / 솔형 / 틈새 / 올인원타워 / [배터리] 분리형 (1개) / 충전시간: 4시간 / 사용시간(개당): 1시간 / [성능] 스마트인버터모터 / 분리형배기필터 / 헤파필터 / 5단계여과 / [기능] IoT기능 / 자동물공급 / 배터리잔량표시 / 자동먼지비움 / [부가] 색상: 판타지실버+딥그레이 / 무게: 2.6kg / 크기(가로x세로x깊이): 250x1120x260mm,665552
LG전자 코드제로 A9S AT9270,핸디스틱청소기 / 무선형 / 흡입+물걸레겸용 / 흡입력: 200W / [구성] 바닥 / 물걸레 / 솔형 / 틈새 / 올인원타워 / [배터리] 분리형 (1개) / 충전시간: 4시간 / 사용시간(개당): 1시간 / [성능] 스마트인버터모터 / 분리형배기필터 / 헤파필터 / 5단계여과 / [기능] IoT기능 / 자동물공급 / 배터리잔량표시 / 자동먼지비움 / [부가] 색상: 판타지실버+딥그레이 / 무게: 2.6kg / 크기(가로x세로x깊이): 250x1120x260mm,665552
캐치웰 CX PRO,핸디스틱청소기 / 무선형 / 흡입전용 / [구성] 바닥 / 침구 / 솔형 / 틈새 / 연장툴 / [배터리] 분리형 (1개) / 충전시간: 6시간 / 사용시간(개당): 1시간 / [성능] BLDC모터 / 5단계여과 / [기능] 물걸레(별도구매) / 자동먼지비움,329000
캐치웰 CX PRO,핸디스틱청소기 / 무선형 / 흡입전용 / [구성] 바닥 / 침구 / 솔형 / 틈새 / 연장툴 / [배터리] 분리형 (1개) / 충전시간: 6시간 / 사용시간(개당): 1시간 / [성능] BLDC모터 / 5단계여과 / [기능] 물걸레(별도구매) / 자동먼지비움,329000
캐치웰 CX PRO,핸디스틱청소기 / 무선형 / 흡입전용 / [구성] 바닥 / 침구 / 솔형 / 틈새 / 연장툴 / [배터리] 분리형 (1개) / 충전시간: 6시간 / 사용시간(개당): 1시간 / [성능] BLDC모터 / 5단계여과 / [기능] 물걸레(별도구매) / 자동먼지비움,329000
캐치웰 CX PRO,핸디스틱청소기 / 무선형 / 흡입전용 / [구성] 바닥 / 침구 / 솔형 / 틈새 / 연장툴 / [배터리] 분리형 (1개) / 충전시간: 6시간 / 사용시간(개당): 1시간 / [성능] BLDC모터 / 5단계여과 / [기능] 물걸레(별도구매) / 자동먼지비움,329000
캐치웰 CX PRO,핸디스틱청소기 / 무선형 / 흡입전용 / [구성] 바닥 / 침구 / 솔형 / 틈새 / 연장툴 / [배터리] 분리형 (1개) / 충전시간: 6시간 / 사용시간(개당): 1시간 / [성능] BLDC모터 / 5단계여과 / [기능] 물걸레(별도구매) / 자동먼지비움,329000
캐치웰 CX PRO,핸디스틱청소기 / 무선형 / 흡입전용 / [구성] 바닥 / 침구 / 솔형 / 틈새 / 연장툴 / [배터리] 분리형 (1개) / 충전시간: 6시간 / 사용시간(개당): 1시간 / [성능] BLDC모터 / 5단계여과 / [기능] 물걸레(별도구매) / 자동먼지비움,329000
캐치웰 CX PRO,핸디스틱청소기 / 무선형 / 흡입전용 / [구성] 바닥 / 침구 / 솔형 / 틈새 / 연장툴 / [배터리] 분리형 (1개) / 충전시간: 6시간 / 사용시간(개당): 1시간 / [성능] BLDC모터 / 5단계여과 / [기능] 물걸레(별도구매) / 자동먼지비움,329000
캐치웰 CX PRO,핸디스틱청소기 / 무선형 / 흡입전용 / [구성] 바닥 / 침구 / 솔형 / 틈새 / 연장툴 / [배터리] 분리형 (1개) / 충전시간: 6시간 / 사용시간(개당): 1시간 / [성능] BLDC모터 / 5단계여과 / [기능] 물걸레(별도구매) / 자동먼지비움,329000
캐치웰 CX PRO,핸디스틱청소기 / 무선형 / 흡입전용 / [구성] 바닥 / 침구 / 솔형 / 틈새 / 연장툴 / [배터리] 분리형 (1개) / 충전시간: 6시간 / 사용시간(개당): 1시간 / [성능] BLDC모터 / 5단계여과 / [기능] 물걸레(별도구매) / 자동먼지비움,329000
캐치웰 CX PRO,핸디스틱청소기 / 무선형 / 흡입전용 / [구성] 바닥 / 침구 / 솔형 / 틈새 / 연장툴 / [배터리] 분리형 (1개) / 충전시간: 6시간 / 사용시간(개당): 1시간 / [성능] BLDC모터 / 5단계여과 / [기능] 물걸레(별도구매) / 자동먼지비움,329000
캐치웰 CX PRO,핸디스틱청소기 / 무선형 / 흡입전용 / [구성] 바닥 / 침구 / 솔형 / 틈새 / 연장툴 / [배터리] 분리형 (1개) / 충전시간: 6시간 / 사용시간(개당): 1시간 / [성능] BLDC모터 / 5단계여과 / [기능] 물걸레(별도구매) / 자동먼지비움,329000
캐치웰 CX PRO,핸디스틱청소기 / 무선형 / 흡입전용 / [구성] 바닥 / 침구 / 솔형 / 틈새 / 연장툴 / [배터리] 분리형 (1개) / 충전시간: 6시간 / 사용시간(개당): 1시간 / [성능] BLDC모터 / 5단계여과 / [기능] 물걸레(별도구매) / 자동먼지비움,329000
캐치웰 CX PRO,핸디스틱청소기 / 무선형 / 흡입전용 / [구성] 바닥 / 침구 / 솔형 / 틈새 / 연장툴 / [배터리] 분리형 (1개) / 충전시간: 6시간 / 사용시간(개당): 1시간 / [성능] BLDC모터 / 5단계여과 / [기능] 물걸레(별도구매) / 자동먼지비움,329000
캐치웰 CX PRO,핸디스틱청소기 / 무선형 / 흡입전용 / [구성] 바닥 / 침구 / 솔형 / 틈새 / 연장툴 / [배터리] 분리형 (1개) / 충전시간: 6시간 / 사용시간(개당): 1시간 / [성능] BLDC모터 / 5단계여과 / [기능] 물걸레(별도구매) / 자동먼지비움,329000
캐치웰 CX PRO,핸디스틱청소기 / 무선형 / 흡입전용 / [구성] 바닥 / 침구 / 솔형 / 틈새 / 연장툴 / [배터리] 분리형 (1개) / 충전시간: 6시간 / 사용시간(개당): 1시간 / [성능] BLDC모터 / 5단계여과 / [기능] 물걸레(별도구매) / 자동먼지비움,329000
캐치웰 CX PRO,핸디스틱청소기 / 무선형 / 흡입전용 / [구성] 바닥 / 침구 / 솔형 / 틈새 / 연장툴 / [배터리] 분리형 (1개) / 충전시간: 6시간 / 사용시간(개당): 1시간 / [성능] BLDC모터 / 5단계여과 / [기능] 물걸레(별도구매) / 자동먼지비움,329000
캐치웰 CX PRO,핸디스틱청소기 / 무선형 / 흡입전용 / [구성] 바닥 / 침구 / 솔형 / 틈새 / 연장툴 / [배터리] 분리형 (1개) / 충전시간: 6시간 / 사용시간(개당): 1시간 / [성능] BLDC모터 / 5단계여과 / [기능] 물걸레(별도구매) / 자동먼지비움,329000
캐치웰 CX PRO,핸디스틱청소기 / 무선형 / 흡입전용 / [구성] 바닥 / 침구 / 솔형 / 틈새 / 연장툴 / [배터리] 분리형 (1개) / 충전시간: 6시간 / 사용시간(개당): 1시간 / [성능] BLDC모터 / 5단계여과 / [기능] 물걸레(별도구매) / 자동먼지비움,329000
캐치웰 CX PRO,핸디스틱청소기 / 무선형 / 흡입전용 / [구성] 바닥 / 침구 / 솔형 / 틈새 / 연장툴 / [배터리] 분리형 (1개) / 충전시간: 6시간 / 사용시간(개당): 1시간 / [성능] BLDC모터 / 5단계여과 / [기능] 물걸레(별도구매) / 자동먼지비움,329000
캐치웰 CX PRO,핸디스틱청소기 / 무선형 / 흡입전용 / [구성] 바닥 / 침구 / 솔형 / 틈새 / 연장툴 / [배터리] 분리형 (1개) / 충전시간: 6시간 / 사용시간(개당): 1시간 / [성능] BLDC모터 / 5단계여과 / [기능] 물걸레(별도구매) / 자동먼지비움,329000
캐치웰 CX PRO,핸디스틱청소기 / 무선형 / 흡입전용 / [구성] 바닥 / 침구 / 솔형 / 틈새 / 연장툴 / [배터리] 분리형 (1개) / 충전시간: 6시간 / 사용시간(개당): 1시간 / [성능] BLDC모터 / 5단계여과 / [기능] 물걸레(별도구매) / 자동먼지비움,329000
캐치웰 CX PRO,핸디스틱청소기 / 무선형 / 흡입전용 / [구성] 바닥 / 침구 / 솔형 / 틈새 / 연장툴 / [배터리] 분리형 (1개) / 충전시간: 6시간 / 사용시간(개당): 1시간 / [성능] BLDC모터 / 5단계여과 / [기능] 물걸레(별도구매) / 자동먼지비움,329000
캐치웰 CX PRO,핸디스틱청소기 / 무선형 / 흡입전용 / [구성] 바닥 / 침구 / 솔형 / 틈새 / 연장툴 / [배터리] 분리형 (1개) / 충전시간: 6시간 / 사용시간(개당): 1시간 / [성능] BLDC모터 / 5단계여과 / [기능] 물걸레(별도구매) / 자동먼지비움,329000
캐치웰 CX PRO,핸디스틱청소기 / 무선형 / 흡입전용 / [구성] 바닥 / 침구 / 솔형 / 틈새 / 연장툴 / [배터리] 분리형 (1개) / 충전시간: 6시간 / 사용시간(개당): 1시간 / [성능] BLDC모터 / 5단계여과 / [기능] 물걸레(별도구매) / 자동먼지비움,329000
캐치웰 CX PRO,핸디스틱청소기 / 무선형 / 흡입전용 / [구성] 바닥 / 침구 / 솔형 / 틈새 / 연장툴 / [배터리] 분리형 (1개) / 충전시간: 6시간 / 사용시간(개당): 1시간 / [성능] BLDC모터 / 5단계여과 / [기능] 물걸레(별도구매) / 자동먼지비움,329000
캐치웰 CX PRO,핸디스틱청소기 / 무선형 / 흡입전용 / [구성] 바닥 / 침구 / 솔형 / 틈새 / 연장툴 / [배터리] 분리형 (1개) / 충전시간: 6시간 / 사용시간(개당): 1시간 / [성능] BLDC모터 / 5단계여과 / [기능] 물걸레(별도구매) / 자동먼지비움,329000
캐치웰 CX PRO,핸디스틱청소기 / 무선형 / 흡입전용 / [구성] 바닥 / 침구 / 솔형 / 틈새 / 연장툴 / [배터리] 분리형 (1개) / 충전시간: 6시간 / 사용시간(개당): 1시간 / [성능] BLDC모터 / 5단계여과 / [기능] 물걸레(별도구매) / 자동먼지비움,329000
캐치웰 CX PRO,핸디스틱청소기 / 무선형 / 흡입전용 / [구성] 바닥 / 침구 / 솔형 / 틈새 / 연장툴 / [배터리] 분리형 (1개) / 충전시간: 6시간 / 사용시간(개당): 1시간 / [성능] BLDC모터 / 5단계여과 / [기능] 물걸레(별도구매) / 자동먼지비움,329000
캐치웰 CX PRO,핸디스틱청소기 / 무선형 / 흡입전용 / [구성] 바닥 / 침구 / 솔형 / 틈새 / 연장툴 / [배터리] 분리형 (1개) / 충전시간: 6시간 / 사용시간(개당): 1시간 / [성능] BLDC모터 / 5단계여과 / [기능] 물걸레(별도구매) / 자동먼지비움,329000
캐치웰 CX PRO,핸디스틱청소기 / 무선형 / 흡입전용 / [구성] 바닥 / 침구 / 솔형 / 틈새 / 연장툴 / [배터리] 분리형 (1개) / 충전시간: 6시간 / 사용시간(개당): 1시간 / [성능] BLDC모터 / 5단계여과 / [기능] 물걸레(별도구매) / 자동먼지비움,329000
캐치웰 CX PRO,핸디스틱청소기 / 무선형 / 흡입전용 / [구성] 바닥 / 침구 / 솔형 / 틈새 / 연장툴 / [배터리] 분리형 (1개) / 충전시간: 6시간 / 사용시간(개당): 1시간 / [성능] BLDC모터 / 5단계여과 / [기능] 물걸레(별도구매) / 자동먼지비움,329000
캐치웰 CX PRO,핸디스틱청소기 / 무선형 / 흡입전용 / [구성] 바닥 / 침구 / 솔형 / 틈새 / 연장툴 / [배터리] 분리형 (1개) / 충전시간: 6시간 / 사용시간(개당): 1시간 / [성능] BLDC모터 / 5단계여과 / [기능] 물걸레(별도구매) / 자동먼지비움,329000
캐치웰 CX PRO,핸디스틱청소기 / 무선형 / 흡입전용 / [구성] 바닥 / 침구 / 솔형 / 틈새 / 연장툴 / [배터리] 분리형 (1개) / 충전시간: 6시간 / 사용시간(개당): 1시간 / [성능] BLDC모터 / 5단계여과 / [기능] 물걸레(별도구매) / 자동먼지비움,329000
캐치웰 CX PRO,핸디스틱청소기 / 무선형 / 흡입전용 / [구성] 바닥 / 침구 / 솔형 / 틈새 / 연장툴 / [배터리] 분리형 (1개) / 충전시간: 6시간 / 사용시간(개당): 1시간 / [성능] BLDC모터 / 5단계여과 / [기능] 물걸레(별도구매) / 자동먼지비움,329000
캐치웰 CX PRO,핸디스틱청소기 / 무선형 / 흡입전용 / [구성] 바닥 / 침구 / 솔형 / 틈새 / 연장툴 / [배터리] 분리형 (1개) / 충전시간: 6시간 / 사용시간(개당): 1시간 / [성능] BLDC모터 / 5단계여과 / [기능] 물걸레(별도구매) / 자동먼지비움,329000
캐치웰 CX PRO,핸디스틱청소기 / 무선형 / 흡입전용 / [구성] 바닥 / 침구 / 솔형 / 틈새 / 연장툴 / [배터리] 분리형 (1개) / 충전시간: 6시간 / 사용시간(개당): 1시간 / [성능] BLDC모터 / 5단계여과 / [기능] 물걸레(별도구매) / 자동먼지비움,329000
캐치웰 CX PRO,핸디스틱청소기 / 무선형 / 흡입전용 / [구성] 바닥 / 침구 / 솔형 / 틈새 / 연장툴 / [배터리] 분리형 (1개) / 충전시간: 6시간 / 사용시간(개당): 1시간 / [성능] BLDC모터 / 5단계여과 / [기능] 물걸레(별도구매) / 자동먼지비움,329000
캐치웰 CX PRO,핸디스틱청소기 / 무선형 / 흡입전용 / [구성] 바닥 / 침구 / 솔형 / 틈새 / 연장툴 / [배터리] 분리형 (1개) / 충전시간: 6시간 / 사용시간(개당): 1시간 / [성능] BLDC모터 / 5단계여과 / [기능] 물걸레(별도구매) / 자동먼지비움,329000
캐치웰 CX PRO,핸디스틱청소기 / 무선형 / 흡입전용 / [구성] 바닥 / 침구 / 솔형 / 틈새 / 연장툴 / [배터리] 분리형 (1개) / 충전시간: 6시간 / 사용시간(개당): 1시간 / [성능] BLDC모터 / 5단계여과 / [기능] 물걸레(별도구매) / 자동먼지비움,329000
캐치웰 CX PRO,핸디스틱청소기 / 무선형 / 흡입전용 / [구성] 바닥 / 침구 / 솔형 / 틈새 / 연장툴 / [배터리] 분리형 (1개) / 충전시간: 6시간 / 사용시간(개당): 1시간 / [성능] BLDC모터 / 5단계여과 / [기능] 물걸레(별도구매) / 자동먼지비움,329000
캐치웰 CX PRO,핸디스틱청소기 / 무선형 / 흡입전용 / [구성] 바닥 / 침구 / 솔형 / 틈새 / 연장툴 / [배터리] 분리형 (1개) / 충전시간: 6시간 / 사용시간(개당): 1시간 / [성능] BLDC모터 / 5단계여과 / [기능] 물걸레(별도구매) / 자동먼지비움,329000
캐치웰 CX PRO,핸디스틱청소기 / 무선형 / 흡입전용 / [구성] 바닥 / 침구 / 솔형 / 틈새 / 연장툴 / [배터리] 분리형 (1개) / 충전시간: 6시간 / 사용시간(개당): 1시간 / [성능] BLDC모터 / 5단계여과 / [기능] 물걸레(별도구매) / 자동먼지비움,329000
캐치웰 CX PRO,핸디스틱청소기 / 무선형 / 흡입전용 / [구성] 바닥 / 침구 / 솔형 / 틈새 / 연장툴 / [배터리] 분리형 (1개) / 충전시간: 6시간 / 사용시간(개당): 1시간 / [성능] BLDC모터 / 5단계여과 / [기능] 물걸레(별도구매) / 자동먼지비움,329000
테팔 에어포스360 라이트 이지 TY5520,핸디스틱청소기 / 무선형 / 흡입전용 / [구성] 바닥 / 솔형 / 틈새 / 패브릭 / 거치대 / [배터리] 분리형 (1개) / 충전시간: 4시간30분 / 사용시간(개당): 33분 / [성능] BLDC모터 / 6단계여과 / LED라이트 / [부가] 먼지통용량: 0.5L / 무게: 2.6kg,233150
테팔 에어포스360 라이트 이지 TY5520,핸디스틱청소기 / 무선형 / 흡입전용 / [구성] 바닥 / 솔형 / 틈새 / 패브릭 / 거치대 / [배터리] 분리형 (1개) / 충전시간: 4시간30분 / 사용시간(개당): 33분 / [성능] BLDC모터 / 6단계여과 / LED라이트 / [부가] 먼지통용량: 0.5L / 무게: 2.6kg,233150
테팔 에어포스360 라이트 이지 TY5520,핸디스틱청소기 / 무선형 / 흡입전용 / [구성] 바닥 / 솔형 / 틈새 / 패브릭 / 거치대 / [배터리] 분리형 (1개) / 충전시간: 4시간30분 / 사용시간(개당): 33분 / [성능] BLDC모터 / 6단계여과 / LED라이트 / [부가] 먼지통용량: 0.5L / 무게: 2.6kg,233150
테팔 에어포스360 라이트 이지 TY5520,핸디스틱청소기 / 무선형 / 흡입전용 / [구성] 바닥 / 솔형 / 틈새 / 패브릭 / 거치대 / [배터리] 분리형 (1개) / 충전시간: 4시간30분 / 사용시간(개당): 33분 / [성능] BLDC모터 / 6단계여과 / LED라이트 / [부가] 먼지통용량: 0.5L / 무게: 2.6kg,233150
테팔 에어포스360 라이트 이지 TY5520,핸디스틱청소기 / 무선형 / 흡입전용 / [구성] 바닥 / 솔형 / 틈새 / 패브릭 / 거치대 / [배터리] 분리형 (1개) / 충전시간: 4시간30분 / 사용시간(개당): 33분 / [성능] BLDC모터 / 6단계여과 / LED라이트 / [부가] 먼지통용량: 0.5L / 무게: 2.6kg,233150
테팔 에어포스360 라이트 이지 TY5520,핸디스틱청소기 / 무선형 / 흡입전용 / [구성] 바닥 / 솔형 / 틈새 / 패브릭 / 거치대 / [배터리] 분리형 (1개) / 충전시간: 4시간30분 / 사용시간(개당): 33분 / [성능] BLDC모터 / 6단계여과 / LED라이트 / [부가] 먼지통용량: 0.5L / 무게: 2.6kg,233150
테팔 에어포스360 라이트 이지 TY5520,핸디스틱청소기 / 무선형 / 흡입전용 / [구성] 바닥 / 솔형 / 틈새 / 패브릭 / 거치대 / [배터리] 분리형 (1개) / 충전시간: 4시간30분 / 사용시간(개당): 33분 / [성능] BLDC모터 / 6단계여과 / LED라이트 / [부가] 먼지통용량: 0.5L / 무게: 2.6kg,233150
테팔 에어포스360 라이트 이지 TY5520,핸디스틱청소기 / 무선형 / 흡입전용 / [구성] 바닥 / 솔형 / 틈새 / 패브릭 / 거치대 / [배터리] 분리형 (1개) / 충전시간: 4시간30분 / 사용시간(개당): 33분 / [성능] BLDC모터 / 6단계여과 / LED라이트 / [부가] 먼지통용량: 0.5L / 무게: 2.6kg,233150
테팔 에어포스360 라이트 이지 TY5520,핸디스틱청소기 / 무선형 / 흡입전용 / [구성] 바닥 / 솔형 / 틈새 / 패브릭 / 거치대 / [배터리] 분리형 (1개) / 충전시간: 4시간30분 / 사용시간(개당): 33분 / [성능] BLDC모터 / 6단계여과 / LED라이트 / [부가] 먼지통용량: 0.5L / 무게: 2.6kg,233150
테팔 에어포스360 라이트 이지 TY5520,핸디스틱청소기 / 무선형 / 흡입전용 / [구성] 바닥 / 솔형 / 틈새 / 패브릭 / 거치대 / [배터리] 분리형 (1개) / 충전시간: 4시간30분 / 사용시간(개당): 33분 / [성능] BLDC모터 / 6단계여과 / LED라이트 / [부가] 먼지통용량: 0.5L / 무게: 2.6kg,233150
테팔 에어포스360 라이트 이지 TY5520,핸디스틱청소기 / 무선형 / 흡입전용 / [구성] 바닥 / 솔형 / 틈새 / 패브릭 / 거치대 / [배터리] 분리형 (1개) / 충전시간: 4시간30분 / 사용시간(개당): 33분 / [성능] BLDC모터 / 6단계여과 / LED라이트 / [부가] 먼지통용량: 0.5L / 무게: 2.6kg,233150
테팔 에어포스360 라이트 이지 TY5520,핸디스틱청소기 / 무선형 / 흡입전용 / [구성] 바닥 / 솔형 / 틈새 / 패브릭 / 거치대 / [배터리] 분리형 (1개) / 충전시간: 4시간30분 / 사용시간(개당): 33분 / [성능] BLDC모터 / 6단계여과 / LED라이트 / [부가] 먼지통용량: 0.5L / 무게: 2.6kg,233150
테팔 에어포스360 라이트 이지 TY5520,핸디스틱청소기 / 무선형 / 흡입전용 / [구성] 바닥 / 솔형 / 틈새 / 패브릭 / 거치대 / [배터리] 분리형 (1개) / 충전시간: 4시간30분 / 사용시간(개당): 33분 / [성능] BLDC모터 / 6단계여과 / LED라이트 / [부가] 먼지통용량: 0.5L / 무게: 2.6kg,233150
테팔 에어포스360 라이트 이지 TY5520,핸디스틱청소기 / 무선형 / 흡입전용 / [구성] 바닥 / 솔형 / 틈새 / 패브릭 / 거치대 / [배터리] 분리형 (1개) / 충전시간: 4시간30분 / 사용시간(개당): 33분 / [성능] BLDC모터 / 6단계여과 / LED라이트 / [부가] 먼지통용량: 0.5L / 무게: 2.6kg,233150
테팔 에어포스360 라이트 이지 TY5520,핸디스틱청소기 / 무선형 / 흡입전용 / [구성] 바닥 / 솔형 / 틈새 / 패브릭 / 거치대 / [배터리] 분리형 (1개) / 충전시간: 4시간30분 / 사용시간(개당): 33분 / [성능] BLDC모터 / 6단계여과 / LED라이트 / [부가] 먼지통용량: 0.5L / 무게: 2.6kg,233150
테팔 에어포스360 라이트 이지 TY5520,핸디스틱청소기 / 무선형 / 흡입전용 / [구성] 바닥 / 솔형 / 틈새 / 패브릭 / 거치대 / [배터리] 분리형 (1개) / 충전시간: 4시간30분 / 사용시간(개당): 33분 / [성능] BLDC모터 / 6단계여과 / LED라이트 / [부가] 먼지통용량: 0.5L / 무게: 2.6kg,233150
테팔 에어포스360 라이트 이지 TY5520,핸디스틱청소기 / 무선형 / 흡입전용 / [구성] 바닥 / 솔형 / 틈새 / 패브릭 / 거치대 / [배터리] 분리형 (1개) / 충전시간: 4시간30분 / 사용시간(개당): 33분 / [성능] BLDC모터 / 6단계여과 / LED라이트 / [부가] 먼지통용량: 0.5L / 무게: 2.6kg,233150
테팔 에어포스360 라이트 이지 TY5520,핸디스틱청소기 / 무선형 / 흡입전용 / [구성] 바닥 / 솔형 / 틈새 / 패브릭 / 거치대 / [배터리] 분리형 (1개) / 충전시간: 4시간30분 / 사용시간(개당): 33분 / [성능] BLDC모터 / 6단계여과 / LED라이트 / [부가] 먼지통용량: 0.5L / 무게: 2.6kg,233150
테팔 에어포스360 라이트 이지 TY5520,핸디스틱청소기 / 무선형 / 흡입전용 / [구성] 바닥 / 솔형 / 틈새 / 패브릭 / 거치대 / [배터리] 분리형 (1개) / 충전시간: 4시간30분 / 사용시간(개당): 33분 / [성능] BLDC모터 / 6단계여과 / LED라이트 / [부가] 먼지통용량: 0.5L / 무게: 2.6kg,233150
테팔 에어포스360 라이트 이지 TY5520,핸디스틱청소기 / 무선형 / 흡입전용 / [구성] 바닥 / 솔형 / 틈새 / 패브릭 / 거치대 / [배터리] 분리형 (1개) / 충전시간: 4시간30분 / 사용시간(개당): 33분 / [성능] BLDC모터 / 6단계여과 / LED라이트 / [부가] 먼지통용량: 0.5L / 무게: 2.6kg,233150
테팔 에어포스360 라이트 이지 TY5520,핸디스틱청소기 / 무선형 / 흡입전용 / [구성] 바닥 / 솔형 / 틈새 / 패브릭 / 거치대 / [배터리] 분리형 (1개) / 충전시간: 4시간30분 / 사용시간(개당): 33분 / [성능] BLDC모터 / 6단계여과 / LED라이트 / [부가] 먼지통용량: 0.5L / 무게: 2.6kg,233150
테팔 에어포스360 라이트 이지 TY5520,핸디스틱청소기 / 무선형 / 흡입전용 / [구성] 바닥 / 솔형 / 틈새 / 패브릭 / 거치대 / [배터리] 분리형 (1개) / 충전시간: 4시간30분 / 사용시간(개당): 33분 / [성능] BLDC모터 / 6단계여과 / LED라이트 / [부가] 먼지통용량: 0.5L / 무게: 2.6kg,233150
테팔 에어포스360 라이트 이지 TY5520,핸디스틱청소기 / 무선형 / 흡입전용 / [구성] 바닥 / 솔형 / 틈새 / 패브릭 / 거치대 / [배터리] 분리형 (1개) / 충전시간: 4시간30분 / 사용시간(개당): 33분 / [성능] BLDC모터 / 6단계여과 / LED라이트 / [부가] 먼지통용량: 0.5L / 무게: 2.6kg,233150
테팔 에어포스360 라이트 이지 TY5520,핸디스틱청소기 / 무선형 / 흡입전용 / [구성] 바닥 / 솔형 / 틈새 / 패브릭 / 거치대 / [배터리] 분리형 (1개) / 충전시간: 4시간30분 / 사용시간(개당): 33분 / [성능] BLDC모터 / 6단계여과 / LED라이트 / [부가] 먼지통용량: 0.5L / 무게: 2.6kg,233150
테팔 에어포스360 라이트 이지 TY5520,핸디스틱청소기 / 무선형 / 흡입전용 / [구성] 바닥 / 솔형 / 틈새 / 패브릭 / 거치대 / [배터리] 분리형 (1개) / 충전시간: 4시간30분 / 사용시간(개당): 33분 / [성능] BLDC모터 / 6단계여과 / LED라이트 / [부가] 먼지통용량: 0.5L / 무게: 2.6kg,233150
테팔 에어포스360 라이트 이지 TY5520,핸디스틱청소기 / 무선형 / 흡입전용 / [구성] 바닥 / 솔형 / 틈새 / 패브릭 / 거치대 / [배터리] 분리형 (1개) / 충전시간: 4시간30분 / 사용시간(개당): 33분 / [성능] BLDC모터 / 6단계여과 / LED라이트 / [부가] 먼지통용량: 0.5L / 무게: 2.6kg,233150
테팔 에어포스360 라이트 이지 TY5520,핸디스틱청소기 / 무선형 / 흡입전용 / [구성] 바닥 / 솔형 / 틈새 / 패브릭 / 거치대 / [배터리] 분리형 (1개) / 충전시간: 4시간30분 / 사용시간(개당): 33분 / [성능] BLDC모터 / 6단계여과 / LED라이트 / [부가] 먼지통용량: 0.5L / 무게: 2.6kg,233150
테팔 에어포스360 라이트 이지 TY5520,핸디스틱청소기 / 무선형 / 흡입전용 / [구성] 바닥 / 솔형 / 틈새 / 패브릭 / 거치대 / [배터리] 분리형 (1개) / 충전시간: 4시간30분 / 사용시간(개당): 33분 / [성능] BLDC모터 / 6단계여과 / LED라이트 / [부가] 먼지통용량: 0.5L / 무게: 2.6kg,233150
테팔 에어포스360 라이트 이지 TY5520,핸디스틱청소기 / 무선형 / 흡입전용 / [구성] 바닥 / 솔형 / 틈새 / 패브릭 / 거치대 / [배터리] 분리형 (1개) / 충전시간: 4시간30분 / 사용시간(개당): 33분 / [성능] BLDC모터 / 6단계여과 / LED라이트 / [부가] 먼지통용량: 0.5L / 무게: 2.6kg,233150
테팔 에어포스360 라이트 이지 TY5520,핸디스틱청소기 / 무선형 / 흡입전용 / [구성] 바닥 / 솔형 / 틈새 / 패브릭 / 거치대 / [배터리] 분리형 (1개) / 충전시간: 4시간30분 / 사용시간(개당): 33분 / [성능] BLDC모터 / 6단계여과 / LED라이트 / [부가] 먼지통용량: 0.5L / 무게: 2.6kg,233150
테팔 에어포스360 라이트 이지 TY5520,핸디스틱청소기 / 무선형 / 흡입전용 / [구성] 바닥 / 솔형 / 틈새 / 패브릭 / 거치대 / [배터리] 분리형 (1개) / 충전시간: 4시간30분 / 사용시간(개당): 33분 / [성능] BLDC모터 / 6단계여과 / LED라이트 / [부가] 먼지통용량: 0.5L / 무게: 2.6kg,233150
테팔 에어포스360 라이트 이지 TY5520,핸디스틱청소기 / 무선형 / 흡입전용 / [구성] 바닥 / 솔형 / 틈새 / 패브릭 / 거치대 / [배터리] 분리형 (1개) / 충전시간: 4시간30분 / 사용시간(개당): 33분 / [성능] BLDC모터 / 6단계여과 / LED라이트 / [부가] 먼지통용량: 0.5L / 무게: 2.6kg,233150
테팔 에어포스360 라이트 이지 TY5520,핸디스틱청소기 / 무선형 / 흡입전용 / [구성] 바닥 / 솔형 / 틈새 / 패브릭 / 거치대 / [배터리] 분리형 (1개) / 충전시간: 4시간30분 / 사용시간(개당): 33분 / [성능] BLDC모터 / 6단계여과 / LED라이트 / [부가] 먼지통용량: 0.5L / 무게: 2.6kg,233150
테팔 에어포스360 라이트 이지 TY5520,핸디스틱청소기 / 무선형 / 흡입전용 / [구성] 바닥 / 솔형 / 틈새 / 패브릭 / 거치대 / [배터리] 분리형 (1개) / 충전시간: 4시간30분 / 사용시간(개당): 33분 / [성능] BLDC모터 / 6단계여과 / LED라이트 / [부가] 먼지통용량: 0.5L / 무게: 2.6kg,233150
테팔 에어포스360 라이트 이지 TY5520,핸디스틱청소기 / 무선형 / 흡입전용 / [구성] 바닥 / 솔형 / 틈새 / 패브릭 / 거치대 / [배터리] 분리형 (1개) / 충전시간: 4시간30분 / 사용시간(개당): 33분 / [성능] BLDC모터 / 6단계여과 / LED라이트 / [부가] 먼지통용량: 0.5L / 무게: 2.6kg,233150
테팔 에어포스360 라이트 이지 TY5520,핸디스틱청소기 / 무선형 / 흡입전용 / [구성] 바닥 / 솔형 / 틈새 / 패브릭 / 거치대 / [배터리] 분리형 (1개) / 충전시간: 4시간30분 / 사용시간(개당): 33분 / [성능] BLDC모터 / 6단계여과 / LED라이트 / [부가] 먼지통용량: 0.5L / 무게: 2.6kg,233150
테팔 에어포스360 라이트 이지 TY5520,핸디스틱청소기 / 무선형 / 흡입전용 / [구성] 바닥 / 솔형 / 틈새 / 패브릭 / 거치대 / [배터리] 분리형 (1개) / 충전시간: 4시간30분 / 사용시간(개당): 33분 / [성능] BLDC모터 / 6단계여과 / LED라이트 / [부가] 먼지통용량: 0.5L / 무게: 2.6kg,233150
테팔 에어포스360 라이트 이지 TY5520,핸디스틱청소기 / 무선형 / 흡입전용 / [구성] 바닥 / 솔형 / 틈새 / 패브릭 / 거치대 / [배터리] 분리형 (1개) / 충전시간: 4시간30분 / 사용시간(개당): 33분 / [성능] BLDC모터 / 6단계여과 / LED라이트 / [부가] 먼지통용량: 0.5L / 무게: 2.6kg,233150
테팔 에어포스360 라이트 이지 TY5520,핸디스틱청소기 / 무선형 / 흡입전용 / [구성] 바닥 / 솔형 / 틈새 / 패브릭 / 거치대 / [배터리] 분리형 (1개) / 충전시간: 4시간30분 / 사용시간(개당): 33분 / [성능] BLDC모터 / 6단계여과 / LED라이트 / [부가] 먼지통용량: 0.5L / 무게: 2.6kg,233150
테팔 에어포스360 라이트 이지 TY5520,핸디스틱청소기 / 무선형 / 흡입전용 / [구성] 바닥 / 솔형 / 틈새 / 패브릭 / 거치대 / [배터리] 분리형 (1개) / 충전시간: 4시간30분 / 사용시간(개당): 33분 / [성능] BLDC모터 / 6단계여과 / LED라이트 / [부가] 먼지통용량: 0.5L / 무게: 2.6kg,233150
테팔 에어포스360 라이트 이지 TY5520,핸디스틱청소기 / 무선형 / 흡입전용 / [구성] 바닥 / 솔형 / 틈새 / 패브릭 / 거치대 / [배터리] 분리형 (1개) / 충전시간: 4시간30분 / 사용시간(개당): 33분 / [성능] BLDC모터 / 6단계여과 / LED라이트 / [부가] 먼지통용량: 0.5L / 무게: 2.6kg,233150
테팔 에어포스360 라이트 이지 TY5520,핸디스틱청소기 / 무선형 / 흡입전용 / [구성] 바닥 / 솔형 / 틈새 / 패브릭 / 거치대 / [배터리] 분리형 (1개) / 충전시간: 4시간30분 / 사용시간(개당): 33분 / [성능] BLDC모터 / 6단계여과 / LED라이트 / [부가] 먼지통용량: 0.5L / 무게: 2.6kg,233150
테팔 에어포스360 라이트 이지 TY5520,핸디스틱청소기 / 무선형 / 흡입전용 / [구성] 바닥 / 솔형 / 틈새 / 패브릭 / 거치대 / [배터리] 분리형 (1개) / 충전시간: 4시간30분 / 사용시간(개당): 33분 / [성능] BLDC모터 / 6단계여과 / LED라이트 / [부가] 먼지통용량: 0.5L / 무게: 2.6kg,233150
마끼다 DCL180Z,핸디스틱청소기 / 무선형 / 흡입전용 / 흡입력: 30W / [배터리] 분리형 (1개) / 사용시간(개당): 20분 / [부가] 먼지통용량: 0.65L / 색상: 블루 / 무게: 1.2kg,47400
마끼다 DCL180Z,핸디스틱청소기 / 무선형 / 흡입전용 / 흡입력: 30W / [배터리] 분리형 (1개) / 사용시간(개당): 20분 / [부가] 먼지통용량: 0.65L / 색상: 블루 / 무게: 1.2kg,47400
마끼다 DCL180Z,핸디스틱청소기 / 무선형 / 흡입전용 / 흡입력: 30W / [배터리] 분리형 (1개) / 사용시간(개당): 20분 / [부가] 먼지통용량: 0.65L / 색상: 블루 / 무게: 1.2kg,47400
마끼다 DCL180Z,핸디스틱청소기 / 무선형 / 흡입전용 / 흡입력: 30W / [배터리] 분리형 (1개) / 사용시간(개당): 20분 / [부가] 먼지통용량: 0.65L / 색상: 블루 / 무게: 1.2kg,47400
마끼다 DCL180Z,핸디스틱청소기 / 무선형 / 흡입전용 / 흡입력: 30W / [배터리] 분리형 (1개) / 사용시간(개당): 20분 / [부가] 먼지통용량: 0.65L / 색상: 블루 / 무게: 1.2kg,47400
마끼다 DCL180Z,핸디스틱청소기 / 무선형 / 흡입전용 / 흡입력: 30W / [배터리] 분리형 (1개) / 사용시간(개당): 20분 / [부가] 먼지통용량: 0.65L / 색상: 블루 / 무게: 1.2kg,47400
마끼다 DCL180Z,핸디스틱청소기 / 무선형 / 흡입전용 / 흡입력: 30W / [배터리] 분리형 (1개) / 사용시간(개당): 20분 / [부가] 먼지통용량: 0.65L / 색상: 블루 / 무게: 1.2kg,47400
마끼다 DCL180Z,핸디스틱청소기 / 무선형 / 흡입전용 / 흡입력: 30W / [배터리] 분리형 (1개) / 사용시간(개당): 20분 / [부가] 먼지통용량: 0.65L / 색상: 블루 / 무게: 1.2kg,47400
마끼다 DCL180Z,핸디스틱청소기 / 무선형 / 흡입전용 / 흡입력: 30W / [배터리] 분리형 (1개) / 사용시간(개당): 20분 / [부가] 먼지통용량: 0.65L / 색상: 블루 / 무게: 1.2kg,47400
마끼다 DCL180Z,핸디스틱청소기 / 무선형 / 흡입전용 / 흡입력: 30W / [배터리] 분리형 (1개) / 사용시간(개당): 20분 / [부가] 먼지통용량: 0.65L / 색상: 블루 / 무게: 1.2kg,47400
마끼다 DCL180Z,핸디스틱청소기 / 무선형 / 흡입전용 / 흡입력: 30W / [배터리] 분리형 (1개) / 사용시간(개당): 20분 / [부가] 먼지통용량: 0.65L / 색상: 블루 / 무게: 1.2kg,47400
마끼다 DCL180Z,핸디스틱청소기 / 무선형 / 흡입전용 / 흡입력: 30W / [배터리] 분리형 (1개) / 사용시간(개당): 20분 / [부가] 먼지통용량: 0.65L / 색상: 블루 / 무게: 1.2kg,47400
마끼다 DCL180Z,핸디스틱청소기 / 무선형 / 흡입전용 / 흡입력: 30W / [배터리] 분리형 (1개) / 사용시간(개당): 20분 / [부가] 먼지통용량: 0.65L / 색상: 블루 / 무게: 1.2kg,47400
마끼다 DCL180Z,핸디스틱청소기 / 무선형 / 흡입전용 / 흡입력: 30W / [배터리] 분리형 (1개) / 사용시간(개당): 20분 / [부가] 먼지통용량: 0.65L / 색상: 블루 / 무게: 1.2kg,47400
마끼다 DCL180Z,핸디스틱청소기 / 무선형 / 흡입전용 / 흡입력: 30W / [배터리] 분리형 (1개) / 사용시간(개당): 20분 / [부가] 먼지통용량: 0.65L / 색상: 블루 / 무게: 1.2kg,47400
마끼다 DCL180Z,핸디스틱청소기 / 무선형 / 흡입전용 / 흡입력: 30W / [배터리] 분리형 (1개) / 사용시간(개당): 20분 / [부가] 먼지통용량: 0.65L / 색상: 블루 / 무게: 1.2kg,47400
마끼다 DCL180Z,핸디스틱청소기 / 무선형 / 흡입전용 / 흡입력: 30W / [배터리] 분리형 (1개) / 사용시간(개당): 20분 / [부가] 먼지통용량: 0.65L / 색상: 블루 / 무게: 1.2kg,47400
마끼다 DCL180Z,핸디스틱청소기 / 무선형 / 흡입전용 / 흡입력: 30W / [배터리] 분리형 (1개) / 사용시간(개당): 20분 / [부가] 먼지통용량: 0.65L / 색상: 블루 / 무게: 1.2kg,47400
마끼다 DCL180Z,핸디스틱청소기 / 무선형 / 흡입전용 / 흡입력: 30W / [배터리] 분리형 (1개) / 사용시간(개당): 20분 / [부가] 먼지통용량: 0.65L / 색상: 블루 / 무게: 1.2kg,47400
마끼다 DCL180Z,핸디스틱청소기 / 무선형 / 흡입전용 / 흡입력: 30W / [배터리] 분리형 (1개) / 사용시간(개당): 20분 / [부가] 먼지통용량: 0.65L / 색상: 블루 / 무게: 1.2kg,47400
마끼다 DCL180Z,핸디스틱청소기 / 무선형 / 흡입전용 / 흡입력: 30W / [배터리] 분리형 (1개) / 사용시간(개당): 20분 / [부가] 먼지통용량: 0.65L / 색상: 블루 / 무게: 1.2kg,47400
마끼다 DCL180Z,핸디스틱청소기 / 무선형 / 흡입전용 / 흡입력: 30W / [배터리] 분리형 (1개) / 사용시간(개당): 20분 / [부가] 먼지통용량: 0.65L / 색상: 블루 / 무게: 1.2kg,47400
마끼다 DCL180Z,핸디스틱청소기 / 무선형 / 흡입전용 / 흡입력: 30W / [배터리] 분리형 (1개) / 사용시간(개당): 20분 / [부가] 먼지통용량: 0.65L / 색상: 블루 / 무게: 1.2kg,47400
마끼다 DCL180Z,핸디스틱청소기 / 무선형 / 흡입전용 / 흡입력: 30W / [배터리] 분리형 (1개) / 사용시간(개당): 20분 / [부가] 먼지통용량: 0.65L / 색상: 블루 / 무게: 1.2kg,47400
마끼다 DCL180Z,핸디스틱청소기 / 무선형 / 흡입전용 / 흡입력: 30W / [배터리] 분리형 (1개) / 사용시간(개당): 20분 / [부가] 먼지통용량: 0.65L / 색상: 블루 / 무게: 1.2kg,47400
마끼다 DCL180Z,핸디스틱청소기 / 무선형 / 흡입전용 / 흡입력: 30W / [배터리] 분리형 (1개) / 사용시간(개당): 20분 / [부가] 먼지통용량: 0.65L / 색상: 블루 / 무게: 1.2kg,47400
마끼다 DCL180Z,핸디스틱청소기 / 무선형 / 흡입전용 / 흡입력: 30W / [배터리] 분리형 (1개) / 사용시간(개당): 20분 / [부가] 먼지통용량: 0.65L / 색상: 블루 / 무게: 1.2kg,47400
마끼다 DCL180Z,핸디스틱청소기 / 무선형 / 흡입전용 / 흡입력: 30W / [배터리] 분리형 (1개) / 사용시간(개당): 20분 / [부가] 먼지통용량: 0.65L / 색상: 블루 / 무게: 1.2kg,47400
마끼다 DCL180Z,핸디스틱청소기 / 무선형 / 흡입전용 / 흡입력: 30W / [배터리] 분리형 (1개) / 사용시간(개당): 20분 / [부가] 먼지통용량: 0.65L / 색상: 블루 / 무게: 1.2kg,47400
마끼다 DCL180Z,핸디스틱청소기 / 무선형 / 흡입전용 / 흡입력: 30W / [배터리] 분리형 (1개) / 사용시간(개당): 20분 / [부가] 먼지통용량: 0.65L / 색상: 블루 / 무게: 1.2kg,47400
마끼다 DCL180Z,핸디스틱청소기 / 무선형 / 흡입전용 / 흡입력: 30W / [배터리] 분리형 (1개) / 사용시간(개당): 20분 / [부가] 먼지통용량: 0.65L / 색상: 블루 / 무게: 1.2kg,47400
마끼다 DCL180Z,핸디스틱청소기 / 무선형 / 흡입전용 / 흡입력: 30W / [배터리] 분리형 (1개) / 사용시간(개당): 20분 / [부가] 먼지통용량: 0.65L / 색상: 블루 / 무게: 1.2kg,47400
마끼다 DCL180Z,핸디스틱청소기 / 무선형 / 흡입전용 / 흡입력: 30W / [배터리] 분리형 (1개) / 사용시간(개당): 20분 / [부가] 먼지통용량: 0.65L / 색상: 블루 / 무게: 1.2kg,47400
마끼다 DCL180Z,핸디스틱청소기 / 무선형 / 흡입전용 / 흡입력: 30W / [배터리] 분리형 (1개) / 사용시간(개당): 20분 / [부가] 먼지통용량: 0.65L / 색상: 블루 / 무게: 1.2kg,47400
마끼다 DCL180Z,핸디스틱청소기 / 무선형 / 흡입전용 / 흡입력: 30W / [배터리] 분리형 (1개) / 사용시간(개당): 20분 / [부가] 먼지통용량: 0.65L / 색상: 블루 / 무게: 1.2kg,47400
마끼다 DCL180Z,핸디스틱청소기 / 무선형 / 흡입전용 / 흡입력: 30W / [배터리] 분리형 (1개) / 사용시간(개당): 20분 / [부가] 먼지통용량: 0.65L / 색상: 블루 / 무게: 1.2kg,47400
마끼다 DCL180Z,핸디스틱청소기 / 무선형 / 흡입전용 / 흡입력: 30W / [배터리] 분리형 (1개) / 사용시간(개당): 20분 / [부가] 먼지통용량: 0.65L / 색상: 블루 / 무게: 1.2kg,47400
마끼다 DCL180Z,핸디스틱청소기 / 무선형 / 흡입전용 / 흡입력: 30W / [배터리] 분리형 (1개) / 사용시간(개당): 20분 / [부가] 먼지통용량: 0.65L / 색상: 블루 / 무게: 1.2kg,47400
마끼다 DCL180Z,핸디스틱청소기 / 무선형 / 흡입전용 / 흡입력: 30W / [배터리] 분리형 (1개) / 사용시간(개당): 20분 / [부가] 먼지통용량: 0.65L / 색상: 블루 / 무게: 1.2kg,47400
마끼다 DCL180Z,핸디스틱청소기 / 무선형 / 흡입전용 / 흡입력: 30W / [배터리] 분리형 (1개) / 사용시간(개당): 20분 / [부가] 먼지통용량: 0.65L / 색상: 블루 / 무게: 1.2kg,47400
마끼다 DCL180Z,핸디스틱청소기 / 무선형 / 흡입전용 / 흡입력: 30W / [배터리] 분리형 (1개) / 사용시간(개당): 20분 / [부가] 먼지통용량: 0.65L / 색상: 블루 / 무게: 1.2kg,47400
마끼다 DCL180Z,핸디스틱청소기 / 무선형 / 흡입전용 / 흡입력: 30W / [배터리] 분리형 (1개) / 사용시간(개당): 20분 / [부가] 먼지통용량: 0.65L / 색상: 블루 / 무게: 1.2kg,47400
마끼다 DCL180Z,핸디스틱청소기 / 무선형 / 흡입전용 / 흡입력: 30W / [배터리] 분리형 (1개) / 사용시간(개당): 20분 / [부가] 먼지통용량: 0.65L / 색상: 블루 / 무게: 1.2kg,47400
오토반 썬더 2in1 차량용 무선 청소기 AW-Z9735,"차량용청소기 / 무선 / 흡입력: 15,000Pa / 최대출력: 80W / 추가노즐: 틈새 / 사용시간: ~40분 / 충전시간: ~4.5시간 / 무게: 530g / 색상: 화이트, 블랙",89000
오토반 썬더 2in1 차량용 무선 청소기 AW-Z9735,"차량용청소기 / 무선 / 흡입력: 15,000Pa / 최대출력: 80W / 추가노즐: 틈새 / 사용시간: ~40분 / 충전시간: ~4.5시간 / 무게: 530g / 색상: 화이트, 블랙",89000
오토반 썬더 2in1 차량용 무선 청소기 AW-Z9735,"차량용청소기 / 무선 / 흡입력: 15,000Pa / 최대출력: 80W / 추가노즐: 틈새 / 사용시간: ~40분 / 충전시간: ~4.5시간 / 무게: 530g / 색상: 화이트, 블랙",89000
오토반 썬더 2in1 차량용 무선 청소기 AW-Z9735,"차량용청소기 / 무선 / 흡입력: 15,000Pa / 최대출력: 80W / 추가노즐: 틈새 / 사용시간: ~40분 / 충전시간: ~4.5시간 / 무게: 530g / 색상: 화이트, 블랙",89000
오토반 썬더 2in1 차량용 무선 청소기 AW-Z9735,"차량용청소기 / 무선 / 흡입력: 15,000Pa / 최대출력: 80W / 추가노즐: 틈새 / 사용시간: ~40분 / 충전시간: ~4.5시간 / 무게: 530g / 색상: 화이트, 블랙",89000
오토반 썬더 2in1 차량용 무선 청소기 AW-Z9735,"차량용청소기 / 무선 / 흡입력: 15,000Pa / 최대출력: 80W / 추가노즐: 틈새 / 사용시간: ~40분 / 충전시간: ~4.5시간 / 무게: 530g / 색상: 화이트, 블랙",89000
오토반 썬더 2in1 차량용 무선 청소기 AW-Z9735,"차량용청소기 / 무선 / 흡입력: 15,000Pa / 최대출력: 80W / 추가노즐: 틈새 / 사용시간: ~40분 / 충전시간: ~4.5시간 / 무게: 530g / 색상: 화이트, 블랙",89000
오토반 썬더 2in1 차량용 무선 청소기 AW-Z9735,"차량용청소기 / 무선 / 흡입력: 15,000Pa / 최대출력: 80W / 추가노즐: 틈새 / 사용시간: ~40분 / 충전시간: ~4.5시간 / 무게: 530g / 색상: 화이트, 블랙",89000
오토반 썬더 2in1 차량용 무선 청소기 AW-Z9735,"차량용청소기 / 무선 / 흡입력: 15,000Pa / 최대출력: 80W / 추가노즐: 틈새 / 사용시간: ~40분 / 충전시간: ~4.5시간 / 무게: 530g / 색상: 화이트, 블랙",89000
오토반 썬더 2in1 차량용 무선 청소기 AW-Z9735,"차량용청소기 / 무선 / 흡입력: 15,000Pa / 최대출력: 80W / 추가노즐: 틈새 / 사용시간: ~40분 / 충전시간: ~4.5시간 / 무게: 530g / 색상: 화이트, 블랙",89000
오토반 썬더 2in1 차량용 무선 청소기 AW-Z9735,"차량용청소기 / 무선 / 흡입력: 15,000Pa / 최대출력: 80W / 추가노즐: 틈새 / 사용시간: ~40분 / 충전시간: ~4.5시간 / 무게: 530g / 색상: 화이트, 블랙",89000
오토반 썬더 2in1 차량용 무선 청소기 AW-Z9735,"차량용청소기 / 무선 / 흡입력: 15,000Pa / 최대출력: 80W / 추가노즐: 틈새 / 사용시간: ~40분 / 충전시간: ~4.5시간 / 무게: 530g / 색상: 화이트, 블랙",89000
오토반 썬더 2in1 차량용 무선 청소기 AW-Z9735,"차량용청소기 / 무선 / 흡입력: 15,000Pa / 최대출력: 80W / 추가노즐: 틈새 / 사용시간: ~40분 / 충전시간: ~4.5시간 / 무게: 530g / 색상: 화이트, 블랙",89000
오토반 썬더 2in1 차량용 무선 청소기 AW-Z9735,"차량용청소기 / 무선 / 흡입력: 15,000Pa / 최대출력: 80W / 추가노즐: 틈새 / 사용시간: ~40분 / 충전시간: ~4.5시간 / 무게: 530g / 색상: 화이트, 블랙",89000
오토반 썬더 2in1 차량용 무선 청소기 AW-Z9735,"차량용청소기 / 무선 / 흡입력: 15,000Pa / 최대출력: 80W / 추가노즐: 틈새 / 사용시간: ~40분 / 충전시간: ~4.5시간 / 무게: 530g / 색상: 화이트, 블랙",89000
오토반 썬더 2in1 차량용 무선 청소기 AW-Z9735,"차량용청소기 / 무선 / 흡입력: 15,000Pa / 최대출력: 80W / 추가노즐: 틈새 / 사용시간: ~40분 / 충전시간: ~4.5시간 / 무게: 530g / 색상: 화이트, 블랙",89000
오토반 썬더 2in1 차량용 무선 청소기 AW-Z9735,"차량용청소기 / 무선 / 흡입력: 15,000Pa / 최대출력: 80W / 추가노즐: 틈새 / 사용시간: ~40분 / 충전시간: ~4.5시간 / 무게: 530g / 색상: 화이트, 블랙",89000
오토반 썬더 2in1 차량용 무선 청소기 AW-Z9735,"차량용청소기 / 무선 / 흡입력: 15,000Pa / 최대출력: 80W / 추가노즐: 틈새 / 사용시간: ~40분 / 충전시간: ~4.5시간 / 무게: 530g / 색상: 화이트, 블랙",89000
오토반 썬더 2in1 차량용 무선 청소기 AW-Z9735,"차량용청소기 / 무선 / 흡입력: 15,000Pa / 최대출력: 80W / 추가노즐: 틈새 / 사용시간: ~40분 / 충전시간: ~4.5시간 / 무게: 530g / 색상: 화이트, 블랙",89000
오토반 썬더 2in1 차량용 무선 청소기 AW-Z9735,"차량용청소기 / 무선 / 흡입력: 15,000Pa / 최대출력: 80W / 추가노즐: 틈새 / 사용시간: ~40분 / 충전시간: ~4.5시간 / 무게: 530g / 색상: 화이트, 블랙",89000
오토반 썬더 2in1 차량용 무선 청소기 AW-Z9735,"차량용청소기 / 무선 / 흡입력: 15,000Pa / 최대출력: 80W / 추가노즐: 틈새 / 사용시간: ~40분 / 충전시간: ~4.5시간 / 무게: 530g / 색상: 화이트, 블랙",89000
오토반 썬더 2in1 차량용 무선 청소기 AW-Z9735,"차량용청소기 / 무선 / 흡입력: 15,000Pa / 최대출력: 80W / 추가노즐: 틈새 / 사용시간: ~40분 / 충전시간: ~4.5시간 / 무게: 530g / 색상: 화이트, 블랙",89000
오토반 썬더 2in1 차량용 무선 청소기 AW-Z9735,"차량용청소기 / 무선 / 흡입력: 15,000Pa / 최대출력: 80W / 추가노즐: 틈새 / 사용시간: ~40분 / 충전시간: ~4.5시간 / 무게: 530g / 색상: 화이트, 블랙",89000
오토반 썬더 2in1 차량용 무선 청소기 AW-Z9735,"차량용청소기 / 무선 / 흡입력: 15,000Pa / 최대출력: 80W / 추가노즐: 틈새 / 사용시간: ~40분 / 충전시간: ~4.5시간 / 무게: 530g / 색상: 화이트, 블랙",89000
오토반 썬더 2in1 차량용 무선 청소기 AW-Z9735,"차량용청소기 / 무선 / 흡입력: 15,000Pa / 최대출력: 80W / 추가노즐: 틈새 / 사용시간: ~40분 / 충전시간: ~4.5시간 / 무게: 530g / 색상: 화이트, 블랙",89000
오토반 썬더 2in1 차량용 무선 청소기 AW-Z9735,"차량용청소기 / 무선 / 흡입력: 15,000Pa / 최대출력: 80W / 추가노즐: 틈새 / 사용시간: ~40분 / 충전시간: ~4.5시간 / 무게: 530g / 색상: 화이트, 블랙",89000
오토반 썬더 2in1 차량용 무선 청소기 AW-Z9735,"차량용청소기 / 무선 / 흡입력: 15,000Pa / 최대출력: 80W / 추가노즐: 틈새 / 사용시간: ~40분 / 충전시간: ~4.5시간 / 무게: 530g / 색상: 화이트, 블랙",89000
오토반 썬더 2in1 차량용 무선 청소기 AW-Z9735,"차량용청소기 / 무선 / 흡입력: 15,000Pa / 최대출력: 80W / 추가노즐: 틈새 / 사용시간: ~40분 / 충전시간: ~4.5시간 / 무게: 530g / 색상: 화이트, 블랙",89000
오토반 썬더 2in1 차량용 무선 청소기 AW-Z9735,"차량용청소기 / 무선 / 흡입력: 15,000Pa / 최대출력: 80W / 추가노즐: 틈새 / 사용시간: ~40분 / 충전시간: ~4.5시간 / 무게: 530g / 색상: 화이트, 블랙",89000
오토반 썬더 2in1 차량용 무선 청소기 AW-Z9735,"차량용청소기 / 무선 / 흡입력: 15,000Pa / 최대출력: 80W / 추가노즐: 틈새 / 사용시간: ~40분 / 충전시간: ~4.5시간 / 무게: 530g / 색상: 화이트, 블랙",89000
오토반 썬더 2in1 차량용 무선 청소기 AW-Z9735,"차량용청소기 / 무선 / 흡입력: 15,000Pa / 최대출력: 80W / 추가노즐: 틈새 / 사용시간: ~40분 / 충전시간: ~4.5시간 / 무게: 530g / 색상: 화이트, 블랙",89000
오토반 썬더 2in1 차량용 무선 청소기 AW-Z9735,"차량용청소기 / 무선 / 흡입력: 15,000Pa / 최대출력: 80W / 추가노즐: 틈새 / 사용시간: ~40분 / 충전시간: ~4.5시간 / 무게: 530g / 색상: 화이트, 블랙",89000
오토반 썬더 2in1 차량용 무선 청소기 AW-Z9735,"차량용청소기 / 무선 / 흡입력: 15,000Pa / 최대출력: 80W / 추가노즐: 틈새 / 사용시간: ~40분 / 충전시간: ~4.5시간 / 무게: 530g / 색상: 화이트, 블랙",89000
오토반 썬더 2in1 차량용 무선 청소기 AW-Z9735,"차량용청소기 / 무선 / 흡입력: 15,000Pa / 최대출력: 80W / 추가노즐: 틈새 / 사용시간: ~40분 / 충전시간: ~4.5시간 / 무게: 530g / 색상: 화이트, 블랙",89000
오토반 썬더 2in1 차량용 무선 청소기 AW-Z9735,"차량용청소기 / 무선 / 흡입력: 15,000Pa / 최대출력: 80W / 추가노즐: 틈새 / 사용시간: ~40분 / 충전시간: ~4.5시간 / 무게: 530g / 색상: 화이트, 블랙",89000
오토반 썬더 2in1 차량용 무선 청소기 AW-Z9735,"차량용청소기 / 무선 / 흡입력: 15,000Pa / 최대출력: 80W / 추가노즐: 틈새 / 사용시간: ~40분 / 충전시간: ~4.5시간 / 무게: 530g / 색상: 화이트, 블랙",89000
오토반 썬더 2in1 차량용 무선 청소기 AW-Z9735,"차량용청소기 / 무선 / 흡입력: 15,000Pa / 최대출력: 80W / 추가노즐: 틈새 / 사용시간: ~40분 / 충전시간: ~4.5시간 / 무게: 530g / 색상: 화이트, 블랙",89000
오토반 썬더 2in1 차량용 무선 청소기 AW-Z9735,"차량용청소기 / 무선 / 흡입력: 15,000Pa / 최대출력: 80W / 추가노즐: 틈새 / 사용시간: ~40분 / 충전시간: ~4.5시간 / 무게: 530g / 색상: 화이트, 블랙",89000
오토반 썬더 2in1 차량용 무선 청소기 AW-Z9735,"차량용청소기 / 무선 / 흡입력: 15,000Pa / 최대출력: 80W / 추가노즐: 틈새 / 사용시간: ~40분 / 충전시간: ~4.5시간 / 무게: 530g / 색상: 화이트, 블랙",89000
오토반 썬더 2in1 차량용 무선 청소기 AW-Z9735,"차량용청소기 / 무선 / 흡입력: 15,000Pa / 최대출력: 80W / 추가노즐: 틈새 / 사용시간: ~40분 / 충전시간: ~4.5시간 / 무게: 530g / 색상: 화이트, 블랙",89000
오토반 썬더 2in1 차량용 무선 청소기 AW-Z9735,"차량용청소기 / 무선 / 흡입력: 15,000Pa / 최대출력: 80W / 추가노즐: 틈새 / 사용시간: ~40분 / 충전시간: ~4.5시간 / 무게: 530g / 색상: 화이트, 블랙",89000
오토반 썬더 2in1 차량용 무선 청소기 AW-Z9735,"차량용청소기 / 무선 / 흡입력: 15,000Pa / 최대출력: 80W / 추가노즐: 틈새 / 사용시간: ~40분 / 충전시간: ~4.5시간 / 무게: 530g / 색상: 화이트, 블랙",89000
오토반 썬더 2in1 차량용 무선 청소기 AW-Z9735,"차량용청소기 / 무선 / 흡입력: 15,000Pa / 최대출력: 80W / 추가노즐: 틈새 / 사용시간: ~40분 / 충전시간: ~4.5시간 / 무게: 530g / 색상: 화이트, 블랙",89000
델로라 V11 파워 300W,"핸디스틱청소기 / 무선형 / 흡입전용 / 흡입력: 22000Pa / [구성] 바닥 / 침구 / 솔형 / 틈새 / 연장툴 / 거치대 / [배터리] 분리형 (1개) / 충전시간: 5시간 / 사용시간(개당): 1시간10분 / [성능] BLDC모터 / 헤파필터 / 4단계여과 / LED라이트 / [부가] 먼지통용량: 0.6L / 색상: 레드, 블랙 / 무게: 3.89kg / 크기(가로x세로x깊이): 239x1255x105mm",84370
델로라 V11 파워 300W,"핸디스틱청소기 / 무선형 / 흡입전용 / 흡입력: 22000Pa / [구성] 바닥 / 침구 / 솔형 / 틈새 / 연장툴 / 거치대 / [배터리] 분리형 (1개) / 충전시간: 5시간 / 사용시간(개당): 1시간10분 / [성능] BLDC모터 / 헤파필터 / 4단계여과 / LED라이트 / [부가] 먼지통용량: 0.6L / 색상: 레드, 블랙 / 무게: 3.89kg / 크기(가로x세로x깊이): 239x1255x105mm",84370
델로라 V11 파워 300W,"핸디스틱청소기 / 무선형 / 흡입전용 / 흡입력: 22000Pa / [구성] 바닥 / 침구 / 솔형 / 틈새 / 연장툴 / 거치대 / [배터리] 분리형 (1개) / 충전시간: 5시간 / 사용시간(개당): 1시간10분 / [성능] BLDC모터 / 헤파필터 / 4단계여과 / LED라이트 / [부가] 먼지통용량: 0.6L / 색상: 레드, 블랙 / 무게: 3.89kg / 크기(가로x세로x깊이): 239x1255x105mm",84370
델로라 V11 파워 300W,"핸디스틱청소기 / 무선형 / 흡입전용 / 흡입력: 22000Pa / [구성] 바닥 / 침구 / 솔형 / 틈새 / 연장툴 / 거치대 / [배터리] 분리형 (1개) / 충전시간: 5시간 / 사용시간(개당): 1시간10분 / [성능] BLDC모터 / 헤파필터 / 4단계여과 / LED라이트 / [부가] 먼지통용량: 0.6L / 색상: 레드, 블랙 / 무게: 3.89kg / 크기(가로x세로x깊이): 239x1255x105mm",84370
델로라 V11 파워 300W,"핸디스틱청소기 / 무선형 / 흡입전용 / 흡입력: 22000Pa / [구성] 바닥 / 침구 / 솔형 / 틈새 / 연장툴 / 거치대 / [배터리] 분리형 (1개) / 충전시간: 5시간 / 사용시간(개당): 1시간10분 / [성능] BLDC모터 / 헤파필터 / 4단계여과 / LED라이트 / [부가] 먼지통용량: 0.6L / 색상: 레드, 블랙 / 무게: 3.89kg / 크기(가로x세로x깊이): 239x1255x105mm",84370
델로라 V11 파워 300W,"핸디스틱청소기 / 무선형 / 흡입전용 / 흡입력: 22000Pa / [구성] 바닥 / 침구 / 솔형 / 틈새 / 연장툴 / 거치대 / [배터리] 분리형 (1개) / 충전시간: 5시간 / 사용시간(개당): 1시간10분 / [성능] BLDC모터 / 헤파필터 / 4단계여과 / LED라이트 / [부가] 먼지통용량: 0.6L / 색상: 레드, 블랙 / 무게: 3.89kg / 크기(가로x세로x깊이): 239x1255x105mm",84370
델로라 V11 파워 300W,"핸디스틱청소기 / 무선형 / 흡입전용 / 흡입력: 22000Pa / [구성] 바닥 / 침구 / 솔형 / 틈새 / 연장툴 / 거치대 / [배터리] 분리형 (1개) / 충전시간: 5시간 / 사용시간(개당): 1시간10분 / [성능] BLDC모터 / 헤파필터 / 4단계여과 / LED라이트 / [부가] 먼지통용량: 0.6L / 색상: 레드, 블랙 / 무게: 3.89kg / 크기(가로x세로x깊이): 239x1255x105mm",84370
델로라 V11 파워 300W,"핸디스틱청소기 / 무선형 / 흡입전용 / 흡입력: 22000Pa / [구성] 바닥 / 침구 / 솔형 / 틈새 / 연장툴 / 거치대 / [배터리] 분리형 (1개) / 충전시간: 5시간 / 사용시간(개당): 1시간10분 / [성능] BLDC모터 / 헤파필터 / 4단계여과 / LED라이트 / [부가] 먼지통용량: 0.6L / 색상: 레드, 블랙 / 무게: 3.89kg / 크기(가로x세로x깊이): 239x1255x105mm",84370
델로라 V11 파워 300W,"핸디스틱청소기 / 무선형 / 흡입전용 / 흡입력: 22000Pa / [구성] 바닥 / 침구 / 솔형 / 틈새 / 연장툴 / 거치대 / [배터리] 분리형 (1개) / 충전시간: 5시간 / 사용시간(개당): 1시간10분 / [성능] BLDC모터 / 헤파필터 / 4단계여과 / LED라이트 / [부가] 먼지통용량: 0.6L / 색상: 레드, 블랙 / 무게: 3.89kg / 크기(가로x세로x깊이): 239x1255x105mm",84370
델로라 V11 파워 300W,"핸디스틱청소기 / 무선형 / 흡입전용 / 흡입력: 22000Pa / [구성] 바닥 / 침구 / 솔형 / 틈새 / 연장툴 / 거치대 / [배터리] 분리형 (1개) / 충전시간: 5시간 / 사용시간(개당): 1시간10분 / [성능] BLDC모터 / 헤파필터 / 4단계여과 / LED라이트 / [부가] 먼지통용량: 0.6L / 색상: 레드, 블랙 / 무게: 3.89kg / 크기(가로x세로x깊이): 239x1255x105mm",84370
델로라 V11 파워 300W,"핸디스틱청소기 / 무선형 / 흡입전용 / 흡입력: 22000Pa / [구성] 바닥 / 침구 / 솔형 / 틈새 / 연장툴 / 거치대 / [배터리] 분리형 (1개) / 충전시간: 5시간 / 사용시간(개당): 1시간10분 / [성능] BLDC모터 / 헤파필터 / 4단계여과 / LED라이트 / [부가] 먼지통용량: 0.6L / 색상: 레드, 블랙 / 무게: 3.89kg / 크기(가로x세로x깊이): 239x1255x105mm",84370
델로라 V11 파워 300W,"핸디스틱청소기 / 무선형 / 흡입전용 / 흡입력: 22000Pa / [구성] 바닥 / 침구 / 솔형 / 틈새 / 연장툴 / 거치대 / [배터리] 분리형 (1개) / 충전시간: 5시간 / 사용시간(개당): 1시간10분 / [성능] BLDC모터 / 헤파필터 / 4단계여과 / LED라이트 / [부가] 먼지통용량: 0.6L / 색상: 레드, 블랙 / 무게: 3.89kg / 크기(가로x세로x깊이): 239x1255x105mm",84370
델로라 V11 파워 300W,"핸디스틱청소기 / 무선형 / 흡입전용 / 흡입력: 22000Pa / [구성] 바닥 / 침구 / 솔형 / 틈새 / 연장툴 / 거치대 / [배터리] 분리형 (1개) / 충전시간: 5시간 / 사용시간(개당): 1시간10분 / [성능] BLDC모터 / 헤파필터 / 4단계여과 / LED라이트 / [부가] 먼지통용량: 0.6L / 색상: 레드, 블랙 / 무게: 3.89kg / 크기(가로x세로x깊이): 239x1255x105mm",84370
델로라 V11 파워 300W,"핸디스틱청소기 / 무선형 / 흡입전용 / 흡입력: 22000Pa / [구성] 바닥 / 침구 / 솔형 / 틈새 / 연장툴 / 거치대 / [배터리] 분리형 (1개) / 충전시간: 5시간 / 사용시간(개당): 1시간10분 / [성능] BLDC모터 / 헤파필터 / 4단계여과 / LED라이트 / [부가] 먼지통용량: 0.6L / 색상: 레드, 블랙 / 무게: 3.89kg / 크기(가로x세로x깊이): 239x1255x105mm",84370
델로라 V11 파워 300W,"핸디스틱청소기 / 무선형 / 흡입전용 / 흡입력: 22000Pa / [구성] 바닥 / 침구 / 솔형 / 틈새 / 연장툴 / 거치대 / [배터리] 분리형 (1개) / 충전시간: 5시간 / 사용시간(개당): 1시간10분 / [성능] BLDC모터 / 헤파필터 / 4단계여과 / LED라이트 / [부가] 먼지통용량: 0.6L / 색상: 레드, 블랙 / 무게: 3.89kg / 크기(가로x세로x깊이): 239x1255x105mm",84370
델로라 V11 파워 300W,"핸디스틱청소기 / 무선형 / 흡입전용 / 흡입력: 22000Pa / [구성] 바닥 / 침구 / 솔형 / 틈새 / 연장툴 / 거치대 / [배터리] 분리형 (1개) / 충전시간: 5시간 / 사용시간(개당): 1시간10분 / [성능] BLDC모터 / 헤파필터 / 4단계여과 / LED라이트 / [부가] 먼지통용량: 0.6L / 색상: 레드, 블랙 / 무게: 3.89kg / 크기(가로x세로x깊이): 239x1255x105mm",84370
델로라 V11 파워 300W,"핸디스틱청소기 / 무선형 / 흡입전용 / 흡입력: 22000Pa / [구성] 바닥 / 침구 / 솔형 / 틈새 / 연장툴 / 거치대 / [배터리] 분리형 (1개) / 충전시간: 5시간 / 사용시간(개당): 1시간10분 / [성능] BLDC모터 / 헤파필터 / 4단계여과 / LED라이트 / [부가] 먼지통용량: 0.6L / 색상: 레드, 블랙 / 무게: 3.89kg / 크기(가로x세로x깊이): 239x1255x105mm",84370
델로라 V11 파워 300W,"핸디스틱청소기 / 무선형 / 흡입전용 / 흡입력: 22000Pa / [구성] 바닥 / 침구 / 솔형 / 틈새 / 연장툴 / 거치대 / [배터리] 분리형 (1개) / 충전시간: 5시간 / 사용시간(개당): 1시간10분 / [성능] BLDC모터 / 헤파필터 / 4단계여과 / LED라이트 / [부가] 먼지통용량: 0.6L / 색상: 레드, 블랙 / 무게: 3.89kg / 크기(가로x세로x깊이): 239x1255x105mm",84370
델로라 V11 파워 300W,"핸디스틱청소기 / 무선형 / 흡입전용 / 흡입력: 22000Pa / [구성] 바닥 / 침구 / 솔형 / 틈새 / 연장툴 / 거치대 / [배터리] 분리형 (1개) / 충전시간: 5시간 / 사용시간(개당): 1시간10분 / [성능] BLDC모터 / 헤파필터 / 4단계여과 / LED라이트 / [부가] 먼지통용량: 0.6L / 색상: 레드, 블랙 / 무게: 3.89kg / 크기(가로x세로x깊이): 239x1255x105mm",84370
델로라 V11 파워 300W,"핸디스틱청소기 / 무선형 / 흡입전용 / 흡입력: 22000Pa / [구성] 바닥 / 침구 / 솔형 / 틈새 / 연장툴 / 거치대 / [배터리] 분리형 (1개) / 충전시간: 5시간 / 사용시간(개당): 1시간10분 / [성능] BLDC모터 / 헤파필터 / 4단계여과 / LED라이트 / [부가] 먼지통용량: 0.6L / 색상: 레드, 블랙 / 무게: 3.89kg / 크기(가로x세로x깊이): 239x1255x105mm",84370
델로라 V11 파워 300W,"핸디스틱청소기 / 무선형 / 흡입전용 / 흡입력: 22000Pa / [구성] 바닥 / 침구 / 솔형 / 틈새 / 연장툴 / 거치대 / [배터리] 분리형 (1개) / 충전시간: 5시간 / 사용시간(개당): 1시간10분 / [성능] BLDC모터 / 헤파필터 / 4단계여과 / LED라이트 / [부가] 먼지통용량: 0.6L / 색상: 레드, 블랙 / 무게: 3.89kg / 크기(가로x세로x깊이): 239x1255x105mm",84370
델로라 V11 파워 300W,"핸디스틱청소기 / 무선형 / 흡입전용 / 흡입력: 22000Pa / [구성] 바닥 / 침구 / 솔형 / 틈새 / 연장툴 / 거치대 / [배터리] 분리형 (1개) / 충전시간: 5시간 / 사용시간(개당): 1시간10분 / [성능] BLDC모터 / 헤파필터 / 4단계여과 / LED라이트 / [부가] 먼지통용량: 0.6L / 색상: 레드, 블랙 / 무게: 3.89kg / 크기(가로x세로x깊이): 239x1255x105mm",84370
델로라 V11 파워 300W,"핸디스틱청소기 / 무선형 / 흡입전용 / 흡입력: 22000Pa / [구성] 바닥 / 침구 / 솔형 / 틈새 / 연장툴 / 거치대 / [배터리] 분리형 (1개) / 충전시간: 5시간 / 사용시간(개당): 1시간10분 / [성능] BLDC모터 / 헤파필터 / 4단계여과 / LED라이트 / [부가] 먼지통용량: 0.6L / 색상: 레드, 블랙 / 무게: 3.89kg / 크기(가로x세로x깊이): 239x1255x105mm",84370
델로라 V11 파워 300W,"핸디스틱청소기 / 무선형 / 흡입전용 / 흡입력: 22000Pa / [구성] 바닥 / 침구 / 솔형 / 틈새 / 연장툴 / 거치대 / [배터리] 분리형 (1개) / 충전시간: 5시간 / 사용시간(개당): 1시간10분 / [성능] BLDC모터 / 헤파필터 / 4단계여과 / LED라이트 / [부가] 먼지통용량: 0.6L / 색상: 레드, 블랙 / 무게: 3.89kg / 크기(가로x세로x깊이): 239x1255x105mm",84370
델로라 V11 파워 300W,"핸디스틱청소기 / 무선형 / 흡입전용 / 흡입력: 22000Pa / [구성] 바닥 / 침구 / 솔형 / 틈새 / 연장툴 / 거치대 / [배터리] 분리형 (1개) / 충전시간: 5시간 / 사용시간(개당): 1시간10분 / [성능] BLDC모터 / 헤파필터 / 4단계여과 / LED라이트 / [부가] 먼지통용량: 0.6L / 색상: 레드, 블랙 / 무게: 3.89kg / 크기(가로x세로x깊이): 239x1255x105mm",84370
델로라 V11 파워 300W,"핸디스틱청소기 / 무선형 / 흡입전용 / 흡입력: 22000Pa / [구성] 바닥 / 침구 / 솔형 / 틈새 / 연장툴 / 거치대 / [배터리] 분리형 (1개) / 충전시간: 5시간 / 사용시간(개당): 1시간10분 / [성능] BLDC모터 / 헤파필터 / 4단계여과 / LED라이트 / [부가] 먼지통용량: 0.6L / 색상: 레드, 블랙 / 무게: 3.89kg / 크기(가로x세로x깊이): 239x1255x105mm",84370
델로라 V11 파워 300W,"핸디스틱청소기 / 무선형 / 흡입전용 / 흡입력: 22000Pa / [구성] 바닥 / 침구 / 솔형 / 틈새 / 연장툴 / 거치대 / [배터리] 분리형 (1개) / 충전시간: 5시간 / 사용시간(개당): 1시간10분 / [성능] BLDC모터 / 헤파필터 / 4단계여과 / LED라이트 / [부가] 먼지통용량: 0.6L / 색상: 레드, 블랙 / 무게: 3.89kg / 크기(가로x세로x깊이): 239x1255x105mm",84370
델로라 V11 파워 300W,"핸디스틱청소기 / 무선형 / 흡입전용 / 흡입력: 22000Pa / [구성] 바닥 / 침구 / 솔형 / 틈새 / 연장툴 / 거치대 / [배터리] 분리형 (1개) / 충전시간: 5시간 / 사용시간(개당): 1시간10분 / [성능] BLDC모터 / 헤파필터 / 4단계여과 / LED라이트 / [부가] 먼지통용량: 0.6L / 색상: 레드, 블랙 / 무게: 3.89kg / 크기(가로x세로x깊이): 239x1255x105mm",84370
델로라 V11 파워 300W,"핸디스틱청소기 / 무선형 / 흡입전용 / 흡입력: 22000Pa / [구성] 바닥 / 침구 / 솔형 / 틈새 / 연장툴 / 거치대 / [배터리] 분리형 (1개) / 충전시간: 5시간 / 사용시간(개당): 1시간10분 / [성능] BLDC모터 / 헤파필터 / 4단계여과 / LED라이트 / [부가] 먼지통용량: 0.6L / 색상: 레드, 블랙 / 무게: 3.89kg / 크기(가로x세로x깊이): 239x1255x105mm",84370
델로라 V11 파워 300W,"핸디스틱청소기 / 무선형 / 흡입전용 / 흡입력: 22000Pa / [구성] 바닥 / 침구 / 솔형 / 틈새 / 연장툴 / 거치대 / [배터리] 분리형 (1개) / 충전시간: 5시간 / 사용시간(개당): 1시간10분 / [성능] BLDC모터 / 헤파필터 / 4단계여과 / LED라이트 / [부가] 먼지통용량: 0.6L / 색상: 레드, 블랙 / 무게: 3.89kg / 크기(가로x세로x깊이): 239x1255x105mm",84370
델로라 V11 파워 300W,"핸디스틱청소기 / 무선형 / 흡입전용 / 흡입력: 22000Pa / [구성] 바닥 / 침구 / 솔형 / 틈새 / 연장툴 / 거치대 / [배터리] 분리형 (1개) / 충전시간: 5시간 / 사용시간(개당): 1시간10분 / [성능] BLDC모터 / 헤파필터 / 4단계여과 / LED라이트 / [부가] 먼지통용량: 0.6L / 색상: 레드, 블랙 / 무게: 3.89kg / 크기(가로x세로x깊이): 239x1255x105mm",84370
델로라 V11 파워 300W,"핸디스틱청소기 / 무선형 / 흡입전용 / 흡입력: 22000Pa / [구성] 바닥 / 침구 / 솔형 / 틈새 / 연장툴 / 거치대 / [배터리] 분리형 (1개) / 충전시간: 5시간 / 사용시간(개당): 1시간10분 / [성능] BLDC모터 / 헤파필터 / 4단계여과 / LED라이트 / [부가] 먼지통용량: 0.6L / 색상: 레드, 블랙 / 무게: 3.89kg / 크기(가로x세로x깊이): 239x1255x105mm",84370
델로라 V11 파워 300W,"핸디스틱청소기 / 무선형 / 흡입전용 / 흡입력: 22000Pa / [구성] 바닥 / 침구 / 솔형 / 틈새 / 연장툴 / 거치대 / [배터리] 분리형 (1개) / 충전시간: 5시간 / 사용시간(개당): 1시간10분 / [성능] BLDC모터 / 헤파필터 / 4단계여과 / LED라이트 / [부가] 먼지통용량: 0.6L / 색상: 레드, 블랙 / 무게: 3.89kg / 크기(가로x세로x깊이): 239x1255x105mm",84370
델로라 V11 파워 300W,"핸디스틱청소기 / 무선형 / 흡입전용 / 흡입력: 22000Pa / [구성] 바닥 / 침구 / 솔형 / 틈새 / 연장툴 / 거치대 / [배터리] 분리형 (1개) / 충전시간: 5시간 / 사용시간(개당): 1시간10분 / [성능] BLDC모터 / 헤파필터 / 4단계여과 / LED라이트 / [부가] 먼지통용량: 0.6L / 색상: 레드, 블랙 / 무게: 3.89kg / 크기(가로x세로x깊이): 239x1255x105mm",84370
델로라 V11 파워 300W,"핸디스틱청소기 / 무선형 / 흡입전용 / 흡입력: 22000Pa / [구성] 바닥 / 침구 / 솔형 / 틈새 / 연장툴 / 거치대 / [배터리] 분리형 (1개) / 충전시간: 5시간 / 사용시간(개당): 1시간10분 / [성능] BLDC모터 / 헤파필터 / 4단계여과 / LED라이트 / [부가] 먼지통용량: 0.6L / 색상: 레드, 블랙 / 무게: 3.89kg / 크기(가로x세로x깊이): 239x1255x105mm",84370
델로라 V11 파워 300W,"핸디스틱청소기 / 무선형 / 흡입전용 / 흡입력: 22000Pa / [구성] 바닥 / 침구 / 솔형 / 틈새 / 연장툴 / 거치대 / [배터리] 분리형 (1개) / 충전시간: 5시간 / 사용시간(개당): 1시간10분 / [성능] BLDC모터 / 헤파필터 / 4단계여과 / LED라이트 / [부가] 먼지통용량: 0.6L / 색상: 레드, 블랙 / 무게: 3.89kg / 크기(가로x세로x깊이): 239x1255x105mm",84370
델로라 V11 파워 300W,"핸디스틱청소기 / 무선형 / 흡입전용 / 흡입력: 22000Pa / [구성] 바닥 / 침구 / 솔형 / 틈새 / 연장툴 / 거치대 / [배터리] 분리형 (1개) / 충전시간: 5시간 / 사용시간(개당): 1시간10분 / [성능] BLDC모터 / 헤파필터 / 4단계여과 / LED라이트 / [부가] 먼지통용량: 0.6L / 색상: 레드, 블랙 / 무게: 3.89kg / 크기(가로x세로x깊이): 239x1255x105mm",84370
델로라 V11 파워 300W,"핸디스틱청소기 / 무선형 / 흡입전용 / 흡입력: 22000Pa / [구성] 바닥 / 침구 / 솔형 / 틈새 / 연장툴 / 거치대 / [배터리] 분리형 (1개) / 충전시간: 5시간 / 사용시간(개당): 1시간10분 / [성능] BLDC모터 / 헤파필터 / 4단계여과 / LED라이트 / [부가] 먼지통용량: 0.6L / 색상: 레드, 블랙 / 무게: 3.89kg / 크기(가로x세로x깊이): 239x1255x105mm",84370
델로라 V11 파워 300W,"핸디스틱청소기 / 무선형 / 흡입전용 / 흡입력: 22000Pa / [구성] 바닥 / 침구 / 솔형 / 틈새 / 연장툴 / 거치대 / [배터리] 분리형 (1개) / 충전시간: 5시간 / 사용시간(개당): 1시간10분 / [성능] BLDC모터 / 헤파필터 / 4단계여과 / LED라이트 / [부가] 먼지통용량: 0.6L / 색상: 레드, 블랙 / 무게: 3.89kg / 크기(가로x세로x깊이): 239x1255x105mm",84370
델로라 V11 파워 300W,"핸디스틱청소기 / 무선형 / 흡입전용 / 흡입력: 22000Pa / [구성] 바닥 / 침구 / 솔형 / 틈새 / 연장툴 / 거치대 / [배터리] 분리형 (1개) / 충전시간: 5시간 / 사용시간(개당): 1시간10분 / [성능] BLDC모터 / 헤파필터 / 4단계여과 / LED라이트 / [부가] 먼지통용량: 0.6L / 색상: 레드, 블랙 / 무게: 3.89kg / 크기(가로x세로x깊이): 239x1255x105mm",84370
델로라 V11 파워 300W,"핸디스틱청소기 / 무선형 / 흡입전용 / 흡입력: 22000Pa / [구성] 바닥 / 침구 / 솔형 / 틈새 / 연장툴 / 거치대 / [배터리] 분리형 (1개) / 충전시간: 5시간 / 사용시간(개당): 1시간10분 / [성능] BLDC모터 / 헤파필터 / 4단계여과 / LED라이트 / [부가] 먼지통용량: 0.6L / 색상: 레드, 블랙 / 무게: 3.89kg / 크기(가로x세로x깊이): 239x1255x105mm",84370
델로라 V11 파워 300W,"핸디스틱청소기 / 무선형 / 흡입전용 / 흡입력: 22000Pa / [구성] 바닥 / 침구 / 솔형 / 틈새 / 연장툴 / 거치대 / [배터리] 분리형 (1개) / 충전시간: 5시간 / 사용시간(개당): 1시간10분 / [성능] BLDC모터 / 헤파필터 / 4단계여과 / LED라이트 / [부가] 먼지통용량: 0.6L / 색상: 레드, 블랙 / 무게: 3.89kg / 크기(가로x세로x깊이): 239x1255x105mm",84370
델로라 V11 파워 300W,"핸디스틱청소기 / 무선형 / 흡입전용 / 흡입력: 22000Pa / [구성] 바닥 / 침구 / 솔형 / 틈새 / 연장툴 / 거치대 / [배터리] 분리형 (1개) / 충전시간: 5시간 / 사용시간(개당): 1시간10분 / [성능] BLDC모터 / 헤파필터 / 4단계여과 / LED라이트 / [부가] 먼지통용량: 0.6L / 색상: 레드, 블랙 / 무게: 3.89kg / 크기(가로x세로x깊이): 239x1255x105mm",84370
샤오미 미지아 라이트 MJWXCQ03DY,핸디스틱청소기 / 무선형 / 흡입전용 / 흡입력: 50AW / 흡입력: 17000Pa / [구성] 바닥 / 솔형 / 틈새 / 거치대 / [배터리] 내장형 / 충전시간: 5시간 / 사용시간(개당): 45분 / [성능] BLDC모터 / 헤파필터 / 3단계여과 / [부가] 먼지통용량: 0.5L / 색상: 화이트 / 무게: 1.2kg / 크기(가로x세로x깊이): 240x1132x148mm,84210
샤오미 미지아 라이트 MJWXCQ03DY,핸디스틱청소기 / 무선형 / 흡입전용 / 흡입력: 50AW / 흡입력: 17000Pa / [구성] 바닥 / 솔형 / 틈새 / 거치대 / [배터리] 내장형 / 충전시간: 5시간 / 사용시간(개당): 45분 / [성능] BLDC모터 / 헤파필터 / 3단계여과 / [부가] 먼지통용량: 0.5L / 색상: 화이트 / 무게: 1.2kg / 크기(가로x세로x깊이): 240x1132x148mm,84210
샤오미 미지아 라이트 MJWXCQ03DY,핸디스틱청소기 / 무선형 / 흡입전용 / 흡입력: 50AW / 흡입력: 17000Pa / [구성] 바닥 / 솔형 / 틈새 / 거치대 / [배터리] 내장형 / 충전시간: 5시간 / 사용시간(개당): 45분 / [성능] BLDC모터 / 헤파필터 / 3단계여과 / [부가] 먼지통용량: 0.5L / 색상: 화이트 / 무게: 1.2kg / 크기(가로x세로x깊이): 240x1132x148mm,84210
샤오미 미지아 라이트 MJWXCQ03DY,핸디스틱청소기 / 무선형 / 흡입전용 / 흡입력: 50AW / 흡입력: 17000Pa / [구성] 바닥 / 솔형 / 틈새 / 거치대 / [배터리] 내장형 / 충전시간: 5시간 / 사용시간(개당): 45분 / [성능] BLDC모터 / 헤파필터 / 3단계여과 / [부가] 먼지통용량: 0.5L / 색상: 화이트 / 무게: 1.2kg / 크기(가로x세로x깊이): 240x1132x148mm,84210
샤오미 미지아 라이트 MJWXCQ03DY,핸디스틱청소기 / 무선형 / 흡입전용 / 흡입력: 50AW / 흡입력: 17000Pa / [구성] 바닥 / 솔형 / 틈새 / 거치대 / [배터리] 내장형 / 충전시간: 5시간 / 사용시간(개당): 45분 / [성능] BLDC모터 / 헤파필터 / 3단계여과 / [부가] 먼지통용량: 0.5L / 색상: 화이트 / 무게: 1.2kg / 크기(가로x세로x깊이): 240x1132x148mm,84210
샤오미 미지아 라이트 MJWXCQ03DY,핸디스틱청소기 / 무선형 / 흡입전용 / 흡입력: 50AW / 흡입력: 17000Pa / [구성] 바닥 / 솔형 / 틈새 / 거치대 / [배터리] 내장형 / 충전시간: 5시간 / 사용시간(개당): 45분 / [성능] BLDC모터 / 헤파필터 / 3단계여과 / [부가] 먼지통용량: 0.5L / 색상: 화이트 / 무게: 1.2kg / 크기(가로x세로x깊이): 240x1132x148mm,84210
샤오미 미지아 라이트 MJWXCQ03DY,핸디스틱청소기 / 무선형 / 흡입전용 / 흡입력: 50AW / 흡입력: 17000Pa / [구성] 바닥 / 솔형 / 틈새 / 거치대 / [배터리] 내장형 / 충전시간: 5시간 / 사용시간(개당): 45분 / [성능] BLDC모터 / 헤파필터 / 3단계여과 / [부가] 먼지통용량: 0.5L / 색상: 화이트 / 무게: 1.2kg / 크기(가로x세로x깊이): 240x1132x148mm,84210
샤오미 미지아 라이트 MJWXCQ03DY,핸디스틱청소기 / 무선형 / 흡입전용 / 흡입력: 50AW / 흡입력: 17000Pa / [구성] 바닥 / 솔형 / 틈새 / 거치대 / [배터리] 내장형 / 충전시간: 5시간 / 사용시간(개당): 45분 / [성능] BLDC모터 / 헤파필터 / 3단계여과 / [부가] 먼지통용량: 0.5L / 색상: 화이트 / 무게: 1.2kg / 크기(가로x세로x깊이): 240x1132x148mm,84210
샤오미 미지아 라이트 MJWXCQ03DY,핸디스틱청소기 / 무선형 / 흡입전용 / 흡입력: 50AW / 흡입력: 17000Pa / [구성] 바닥 / 솔형 / 틈새 / 거치대 / [배터리] 내장형 / 충전시간: 5시간 / 사용시간(개당): 45분 / [성능] BLDC모터 / 헤파필터 / 3단계여과 / [부가] 먼지통용량: 0.5L / 색상: 화이트 / 무게: 1.2kg / 크기(가로x세로x깊이): 240x1132x148mm,84210
샤오미 미지아 라이트 MJWXCQ03DY,핸디스틱청소기 / 무선형 / 흡입전용 / 흡입력: 50AW / 흡입력: 17000Pa / [구성] 바닥 / 솔형 / 틈새 / 거치대 / [배터리] 내장형 / 충전시간: 5시간 / 사용시간(개당): 45분 / [성능] BLDC모터 / 헤파필터 / 3단계여과 / [부가] 먼지통용량: 0.5L / 색상: 화이트 / 무게: 1.2kg / 크기(가로x세로x깊이): 240x1132x148mm,84210
샤오미 미지아 라이트 MJWXCQ03DY,핸디스틱청소기 / 무선형 / 흡입전용 / 흡입력: 50AW / 흡입력: 17000Pa / [구성] 바닥 / 솔형 / 틈새 / 거치대 / [배터리] 내장형 / 충전시간: 5시간 / 사용시간(개당): 45분 / [성능] BLDC모터 / 헤파필터 / 3단계여과 / [부가] 먼지통용량: 0.5L / 색상: 화이트 / 무게: 1.2kg / 크기(가로x세로x깊이): 240x1132x148mm,84210
샤오미 미지아 라이트 MJWXCQ03DY,핸디스틱청소기 / 무선형 / 흡입전용 / 흡입력: 50AW / 흡입력: 17000Pa / [구성] 바닥 / 솔형 / 틈새 / 거치대 / [배터리] 내장형 / 충전시간: 5시간 / 사용시간(개당): 45분 / [성능] BLDC모터 / 헤파필터 / 3단계여과 / [부가] 먼지통용량: 0.5L / 색상: 화이트 / 무게: 1.2kg / 크기(가로x세로x깊이): 240x1132x148mm,84210
샤오미 미지아 라이트 MJWXCQ03DY,핸디스틱청소기 / 무선형 / 흡입전용 / 흡입력: 50AW / 흡입력: 17000Pa / [구성] 바닥 / 솔형 / 틈새 / 거치대 / [배터리] 내장형 / 충전시간: 5시간 / 사용시간(개당): 45분 / [성능] BLDC모터 / 헤파필터 / 3단계여과 / [부가] 먼지통용량: 0.5L / 색상: 화이트 / 무게: 1.2kg / 크기(가로x세로x깊이): 240x1132x148mm,84210
샤오미 미지아 라이트 MJWXCQ03DY,핸디스틱청소기 / 무선형 / 흡입전용 / 흡입력: 50AW / 흡입력: 17000Pa / [구성] 바닥 / 솔형 / 틈새 / 거치대 / [배터리] 내장형 / 충전시간: 5시간 / 사용시간(개당): 45분 / [성능] BLDC모터 / 헤파필터 / 3단계여과 / [부가] 먼지통용량: 0.5L / 색상: 화이트 / 무게: 1.2kg / 크기(가로x세로x깊이): 240x1132x148mm,84210
샤오미 미지아 라이트 MJWXCQ03DY,핸디스틱청소기 / 무선형 / 흡입전용 / 흡입력: 50AW / 흡입력: 17000Pa / [구성] 바닥 / 솔형 / 틈새 / 거치대 / [배터리] 내장형 / 충전시간: 5시간 / 사용시간(개당): 45분 / [성능] BLDC모터 / 헤파필터 / 3단계여과 / [부가] 먼지통용량: 0.5L / 색상: 화이트 / 무게: 1.2kg / 크기(가로x세로x깊이): 240x1132x148mm,84210
샤오미 미지아 라이트 MJWXCQ03DY,핸디스틱청소기 / 무선형 / 흡입전용 / 흡입력: 50AW / 흡입력: 17000Pa / [구성] 바닥 / 솔형 / 틈새 / 거치대 / [배터리] 내장형 / 충전시간: 5시간 / 사용시간(개당): 45분 / [성능] BLDC모터 / 헤파필터 / 3단계여과 / [부가] 먼지통용량: 0.5L / 색상: 화이트 / 무게: 1.2kg / 크기(가로x세로x깊이): 240x1132x148mm,84210
샤오미 미지아 라이트 MJWXCQ03DY,핸디스틱청소기 / 무선형 / 흡입전용 / 흡입력: 50AW / 흡입력: 17000Pa / [구성] 바닥 / 솔형 / 틈새 / 거치대 / [배터리] 내장형 / 충전시간: 5시간 / 사용시간(개당): 45분 / [성능] BLDC모터 / 헤파필터 / 3단계여과 / [부가] 먼지통용량: 0.5L / 색상: 화이트 / 무게: 1.2kg / 크기(가로x세로x깊이): 240x1132x148mm,84210
샤오미 미지아 라이트 MJWXCQ03DY,핸디스틱청소기 / 무선형 / 흡입전용 / 흡입력: 50AW / 흡입력: 17000Pa / [구성] 바닥 / 솔형 / 틈새 / 거치대 / [배터리] 내장형 / 충전시간: 5시간 / 사용시간(개당): 45분 / [성능] BLDC모터 / 헤파필터 / 3단계여과 / [부가] 먼지통용량: 0.5L / 색상: 화이트 / 무게: 1.2kg / 크기(가로x세로x깊이): 240x1132x148mm,84210
샤오미 미지아 라이트 MJWXCQ03DY,핸디스틱청소기 / 무선형 / 흡입전용 / 흡입력: 50AW / 흡입력: 17000Pa / [구성] 바닥 / 솔형 / 틈새 / 거치대 / [배터리] 내장형 / 충전시간: 5시간 / 사용시간(개당): 45분 / [성능] BLDC모터 / 헤파필터 / 3단계여과 / [부가] 먼지통용량: 0.5L / 색상: 화이트 / 무게: 1.2kg / 크기(가로x세로x깊이): 240x1132x148mm,84210
샤오미 미지아 라이트 MJWXCQ03DY,핸디스틱청소기 / 무선형 / 흡입전용 / 흡입력: 50AW / 흡입력: 17000Pa / [구성] 바닥 / 솔형 / 틈새 / 거치대 / [배터리] 내장형 / 충전시간: 5시간 / 사용시간(개당): 45분 / [성능] BLDC모터 / 헤파필터 / 3단계여과 / [부가] 먼지통용량: 0.5L / 색상: 화이트 / 무게: 1.2kg / 크기(가로x세로x깊이): 240x1132x148mm,84210
샤오미 미지아 라이트 MJWXCQ03DY,핸디스틱청소기 / 무선형 / 흡입전용 / 흡입력: 50AW / 흡입력: 17000Pa / [구성] 바닥 / 솔형 / 틈새 / 거치대 / [배터리] 내장형 / 충전시간: 5시간 / 사용시간(개당): 45분 / [성능] BLDC모터 / 헤파필터 / 3단계여과 / [부가] 먼지통용량: 0.5L / 색상: 화이트 / 무게: 1.2kg / 크기(가로x세로x깊이): 240x1132x148mm,84210
샤오미 미지아 라이트 MJWXCQ03DY,핸디스틱청소기 / 무선형 / 흡입전용 / 흡입력: 50AW / 흡입력: 17000Pa / [구성] 바닥 / 솔형 / 틈새 / 거치대 / [배터리] 내장형 / 충전시간: 5시간 / 사용시간(개당): 45분 / [성능] BLDC모터 / 헤파필터 / 3단계여과 / [부가] 먼지통용량: 0.5L / 색상: 화이트 / 무게: 1.2kg / 크기(가로x세로x깊이): 240x1132x148mm,84210
샤오미 미지아 라이트 MJWXCQ03DY,핸디스틱청소기 / 무선형 / 흡입전용 / 흡입력: 50AW / 흡입력: 17000Pa / [구성] 바닥 / 솔형 / 틈새 / 거치대 / [배터리] 내장형 / 충전시간: 5시간 / 사용시간(개당): 45분 / [성능] BLDC모터 / 헤파필터 / 3단계여과 / [부가] 먼지통용량: 0.5L / 색상: 화이트 / 무게: 1.2kg / 크기(가로x세로x깊이): 240x1132x148mm,84210
샤오미 미지아 라이트 MJWXCQ03DY,핸디스틱청소기 / 무선형 / 흡입전용 / 흡입력: 50AW / 흡입력: 17000Pa / [구성] 바닥 / 솔형 / 틈새 / 거치대 / [배터리] 내장형 / 충전시간: 5시간 / 사용시간(개당): 45분 / [성능] BLDC모터 / 헤파필터 / 3단계여과 / [부가] 먼지통용량: 0.5L / 색상: 화이트 / 무게: 1.2kg / 크기(가로x세로x깊이): 240x1132x148mm,84210
샤오미 미지아 라이트 MJWXCQ03DY,핸디스틱청소기 / 무선형 / 흡입전용 / 흡입력: 50AW / 흡입력: 17000Pa / [구성] 바닥 / 솔형 / 틈새 / 거치대 / [배터리] 내장형 / 충전시간: 5시간 / 사용시간(개당): 45분 / [성능] BLDC모터 / 헤파필터 / 3단계여과 / [부가] 먼지통용량: 0.5L / 색상: 화이트 / 무게: 1.2kg / 크기(가로x세로x깊이): 240x1132x148mm,84210
샤오미 미지아 라이트 MJWXCQ03DY,핸디스틱청소기 / 무선형 / 흡입전용 / 흡입력: 50AW / 흡입력: 17000Pa / [구성] 바닥 / 솔형 / 틈새 / 거치대 / [배터리] 내장형 / 충전시간: 5시간 / 사용시간(개당): 45분 / [성능] BLDC모터 / 헤파필터 / 3단계여과 / [부가] 먼지통용량: 0.5L / 색상: 화이트 / 무게: 1.2kg / 크기(가로x세로x깊이): 240x1132x148mm,84210
샤오미 미지아 라이트 MJWXCQ03DY,핸디스틱청소기 / 무선형 / 흡입전용 / 흡입력: 50AW / 흡입력: 17000Pa / [구성] 바닥 / 솔형 / 틈새 / 거치대 / [배터리] 내장형 / 충전시간: 5시간 / 사용시간(개당): 45분 / [성능] BLDC모터 / 헤파필터 / 3단계여과 / [부가] 먼지통용량: 0.5L / 색상: 화이트 / 무게: 1.2kg / 크기(가로x세로x깊이): 240x1132x148mm,84210
샤오미 미지아 라이트 MJWXCQ03DY,핸디스틱청소기 / 무선형 / 흡입전용 / 흡입력: 50AW / 흡입력: 17000Pa / [구성] 바닥 / 솔형 / 틈새 / 거치대 / [배터리] 내장형 / 충전시간: 5시간 / 사용시간(개당): 45분 / [성능] BLDC모터 / 헤파필터 / 3단계여과 / [부가] 먼지통용량: 0.5L / 색상: 화이트 / 무게: 1.2kg / 크기(가로x세로x깊이): 240x1132x148mm,84210
샤오미 미지아 라이트 MJWXCQ03DY,핸디스틱청소기 / 무선형 / 흡입전용 / 흡입력: 50AW / 흡입력: 17000Pa / [구성] 바닥 / 솔형 / 틈새 / 거치대 / [배터리] 내장형 / 충전시간: 5시간 / 사용시간(개당): 45분 / [성능] BLDC모터 / 헤파필터 / 3단계여과 / [부가] 먼지통용량: 0.5L / 색상: 화이트 / 무게: 1.2kg / 크기(가로x세로x깊이): 240x1132x148mm,84210
샤오미 미지아 라이트 MJWXCQ03DY,핸디스틱청소기 / 무선형 / 흡입전용 / 흡입력: 50AW / 흡입력: 17000Pa / [구성] 바닥 / 솔형 / 틈새 / 거치대 / [배터리] 내장형 / 충전시간: 5시간 / 사용시간(개당): 45분 / [성능] BLDC모터 / 헤파필터 / 3단계여과 / [부가] 먼지통용량: 0.5L / 색상: 화이트 / 무게: 1.2kg / 크기(가로x세로x깊이): 240x1132x148mm,84210
샤오미 미지아 라이트 MJWXCQ03DY,핸디스틱청소기 / 무선형 / 흡입전용 / 흡입력: 50AW / 흡입력: 17000Pa / [구성] 바닥 / 솔형 / 틈새 / 거치대 / [배터리] 내장형 / 충전시간: 5시간 / 사용시간(개당): 45분 / [성능] BLDC모터 / 헤파필터 / 3단계여과 / [부가] 먼지통용량: 0.5L / 색상: 화이트 / 무게: 1.2kg / 크기(가로x세로x깊이): 240x1132x148mm,84210
샤오미 미지아 라이트 MJWXCQ03DY,핸디스틱청소기 / 무선형 / 흡입전용 / 흡입력: 50AW / 흡입력: 17000Pa / [구성] 바닥 / 솔형 / 틈새 / 거치대 / [배터리] 내장형 / 충전시간: 5시간 / 사용시간(개당): 45분 / [성능] BLDC모터 / 헤파필터 / 3단계여과 / [부가] 먼지통용량: 0.5L / 색상: 화이트 / 무게: 1.2kg / 크기(가로x세로x깊이): 240x1132x148mm,84210
샤오미 미지아 라이트 MJWXCQ03DY,핸디스틱청소기 / 무선형 / 흡입전용 / 흡입력: 50AW / 흡입력: 17000Pa / [구성] 바닥 / 솔형 / 틈새 / 거치대 / [배터리] 내장형 / 충전시간: 5시간 / 사용시간(개당): 45분 / [성능] BLDC모터 / 헤파필터 / 3단계여과 / [부가] 먼지통용량: 0.5L / 색상: 화이트 / 무게: 1.2kg / 크기(가로x세로x깊이): 240x1132x148mm,84210
샤오미 미지아 라이트 MJWXCQ03DY,핸디스틱청소기 / 무선형 / 흡입전용 / 흡입력: 50AW / 흡입력: 17000Pa / [구성] 바닥 / 솔형 / 틈새 / 거치대 / [배터리] 내장형 / 충전시간: 5시간 / 사용시간(개당): 45분 / [성능] BLDC모터 / 헤파필터 / 3단계여과 / [부가] 먼지통용량: 0.5L / 색상: 화이트 / 무게: 1.2kg / 크기(가로x세로x깊이): 240x1132x148mm,84210
샤오미 미지아 라이트 MJWXCQ03DY,핸디스틱청소기 / 무선형 / 흡입전용 / 흡입력: 50AW / 흡입력: 17000Pa / [구성] 바닥 / 솔형 / 틈새 / 거치대 / [배터리] 내장형 / 충전시간: 5시간 / 사용시간(개당): 45분 / [성능] BLDC모터 / 헤파필터 / 3단계여과 / [부가] 먼지통용량: 0.5L / 색상: 화이트 / 무게: 1.2kg / 크기(가로x세로x깊이): 240x1132x148mm,84210
샤오미 미지아 라이트 MJWXCQ03DY,핸디스틱청소기 / 무선형 / 흡입전용 / 흡입력: 50AW / 흡입력: 17000Pa / [구성] 바닥 / 솔형 / 틈새 / 거치대 / [배터리] 내장형 / 충전시간: 5시간 / 사용시간(개당): 45분 / [성능] BLDC모터 / 헤파필터 / 3단계여과 / [부가] 먼지통용량: 0.5L / 색상: 화이트 / 무게: 1.2kg / 크기(가로x세로x깊이): 240x1132x148mm,84210
샤오미 미지아 라이트 MJWXCQ03DY,핸디스틱청소기 / 무선형 / 흡입전용 / 흡입력: 50AW / 흡입력: 17000Pa / [구성] 바닥 / 솔형 / 틈새 / 거치대 / [배터리] 내장형 / 충전시간: 5시간 / 사용시간(개당): 45분 / [성능] BLDC모터 / 헤파필터 / 3단계여과 / [부가] 먼지통용량: 0.5L / 색상: 화이트 / 무게: 1.2kg / 크기(가로x세로x깊이): 240x1132x148mm,84210
샤오미 미지아 라이트 MJWXCQ03DY,핸디스틱청소기 / 무선형 / 흡입전용 / 흡입력: 50AW / 흡입력: 17000Pa / [구성] 바닥 / 솔형 / 틈새 / 거치대 / [배터리] 내장형 / 충전시간: 5시간 / 사용시간(개당): 45분 / [성능] BLDC모터 / 헤파필터 / 3단계여과 / [부가] 먼지통용량: 0.5L / 색상: 화이트 / 무게: 1.2kg / 크기(가로x세로x깊이): 240x1132x148mm,84210
샤오미 미지아 라이트 MJWXCQ03DY,핸디스틱청소기 / 무선형 / 흡입전용 / 흡입력: 50AW / 흡입력: 17000Pa / [구성] 바닥 / 솔형 / 틈새 / 거치대 / [배터리] 내장형 / 충전시간: 5시간 / 사용시간(개당): 45분 / [성능] BLDC모터 / 헤파필터 / 3단계여과 / [부가] 먼지통용량: 0.5L / 색상: 화이트 / 무게: 1.2kg / 크기(가로x세로x깊이): 240x1132x148mm,84210
샤오미 미지아 라이트 MJWXCQ03DY,핸디스틱청소기 / 무선형 / 흡입전용 / 흡입력: 50AW / 흡입력: 17000Pa / [구성] 바닥 / 솔형 / 틈새 / 거치대 / [배터리] 내장형 / 충전시간: 5시간 / 사용시간(개당): 45분 / [성능] BLDC모터 / 헤파필터 / 3단계여과 / [부가] 먼지통용량: 0.5L / 색상: 화이트 / 무게: 1.2kg / 크기(가로x세로x깊이): 240x1132x148mm,84210
샤오미 미지아 라이트 MJWXCQ03DY,핸디스틱청소기 / 무선형 / 흡입전용 / 흡입력: 50AW / 흡입력: 17000Pa / [구성] 바닥 / 솔형 / 틈새 / 거치대 / [배터리] 내장형 / 충전시간: 5시간 / 사용시간(개당): 45분 / [성능] BLDC모터 / 헤파필터 / 3단계여과 / [부가] 먼지통용량: 0.5L / 색상: 화이트 / 무게: 1.2kg / 크기(가로x세로x깊이): 240x1132x148mm,84210
샤오미 미지아 라이트 MJWXCQ03DY,핸디스틱청소기 / 무선형 / 흡입전용 / 흡입력: 50AW / 흡입력: 17000Pa / [구성] 바닥 / 솔형 / 틈새 / 거치대 / [배터리] 내장형 / 충전시간: 5시간 / 사용시간(개당): 45분 / [성능] BLDC모터 / 헤파필터 / 3단계여과 / [부가] 먼지통용량: 0.5L / 색상: 화이트 / 무게: 1.2kg / 크기(가로x세로x깊이): 240x1132x148mm,84210
샤오미 미지아 라이트 MJWXCQ03DY,핸디스틱청소기 / 무선형 / 흡입전용 / 흡입력: 50AW / 흡입력: 17000Pa / [구성] 바닥 / 솔형 / 틈새 / 거치대 / [배터리] 내장형 / 충전시간: 5시간 / 사용시간(개당): 45분 / [성능] BLDC모터 / 헤파필터 / 3단계여과 / [부가] 먼지통용량: 0.5L / 색상: 화이트 / 무게: 1.2kg / 크기(가로x세로x깊이): 240x1132x148mm,84210
일렉트로룩스 Well Q7 Pet WQ71-2PSSF,핸디스틱청소기 / 무선형 / 흡입전용 / [구성] 바닥 / 펫 / 솔형 / 틈새 / 거치대 / [배터리] 내장형 / 충전시간: 4시간30분 / 사용시간(개당): 50분 / [성능] 5단계여과 / [기능] 셀프스탠딩 / LED라이트 / 배터리잔량표시 / [부가] 먼지통용량: 0.3L / 색상: 소프트샌드 / 무게: 2.8kg / 크기(가로x세로x깊이): 258x1105x140mm,266990
일렉트로룩스 Well Q7 Pet WQ71-2PSSF,핸디스틱청소기 / 무선형 / 흡입전용 / [구성] 바닥 / 펫 / 솔형 / 틈새 / 거치대 / [배터리] 내장형 / 충전시간: 4시간30분 / 사용시간(개당): 50분 / [성능] 5단계여과 / [기능] 셀프스탠딩 / LED라이트 / 배터리잔량표시 / [부가] 먼지통용량: 0.3L / 색상: 소프트샌드 / 무게: 2.8kg / 크기(가로x세로x깊이): 258x1105x140mm,266990
일렉트로룩스 Well Q7 Pet WQ71-2PSSF,핸디스틱청소기 / 무선형 / 흡입전용 / [구성] 바닥 / 펫 / 솔형 / 틈새 / 거치대 / [배터리] 내장형 / 충전시간: 4시간30분 / 사용시간(개당): 50분 / [성능] 5단계여과 / [기능] 셀프스탠딩 / LED라이트 / 배터리잔량표시 / [부가] 먼지통용량: 0.3L / 색상: 소프트샌드 / 무게: 2.8kg / 크기(가로x세로x깊이): 258x1105x140mm,266990
일렉트로룩스 Well Q7 Pet WQ71-2PSSF,핸디스틱청소기 / 무선형 / 흡입전용 / [구성] 바닥 / 펫 / 솔형 / 틈새 / 거치대 / [배터리] 내장형 / 충전시간: 4시간30분 / 사용시간(개당): 50분 / [성능] 5단계여과 / [기능] 셀프스탠딩 / LED라이트 / 배터리잔량표시 / [부가] 먼지통용량: 0.3L / 색상: 소프트샌드 / 무게: 2.8kg / 크기(가로x세로x깊이): 258x1105x140mm,266990
일렉트로룩스 Well Q7 Pet WQ71-2PSSF,핸디스틱청소기 / 무선형 / 흡입전용 / [구성] 바닥 / 펫 / 솔형 / 틈새 / 거치대 / [배터리] 내장형 / 충전시간: 4시간30분 / 사용시간(개당): 50분 / [성능] 5단계여과 / [기능] 셀프스탠딩 / LED라이트 / 배터리잔량표시 / [부가] 먼지통용량: 0.3L / 색상: 소프트샌드 / 무게: 2.8kg / 크기(가로x세로x깊이): 258x1105x140mm,266990
일렉트로룩스 Well Q7 Pet WQ71-2PSSF,핸디스틱청소기 / 무선형 / 흡입전용 / [구성] 바닥 / 펫 / 솔형 / 틈새 / 거치대 / [배터리] 내장형 / 충전시간: 4시간30분 / 사용시간(개당): 50분 / [성능] 5단계여과 / [기능] 셀프스탠딩 / LED라이트 / 배터리잔량표시 / [부가] 먼지통용량: 0.3L / 색상: 소프트샌드 / 무게: 2.8kg / 크기(가로x세로x깊이): 258x1105x140mm,266990
일렉트로룩스 Well Q7 Pet WQ71-2PSSF,핸디스틱청소기 / 무선형 / 흡입전용 / [구성] 바닥 / 펫 / 솔형 / 틈새 / 거치대 / [배터리] 내장형 / 충전시간: 4시간30분 / 사용시간(개당): 50분 / [성능] 5단계여과 / [기능] 셀프스탠딩 / LED라이트 / 배터리잔량표시 / [부가] 먼지통용량: 0.3L / 색상: 소프트샌드 / 무게: 2.8kg / 크기(가로x세로x깊이): 258x1105x140mm,266990
일렉트로룩스 Well Q7 Pet WQ71-2PSSF,핸디스틱청소기 / 무선형 / 흡입전용 / [구성] 바닥 / 펫 / 솔형 / 틈새 / 거치대 / [배터리] 내장형 / 충전시간: 4시간30분 / 사용시간(개당): 50분 / [성능] 5단계여과 / [기능] 셀프스탠딩 / LED라이트 / 배터리잔량표시 / [부가] 먼지통용량: 0.3L / 색상: 소프트샌드 / 무게: 2.8kg / 크기(가로x세로x깊이): 258x1105x140mm,266990
일렉트로룩스 Well Q7 Pet WQ71-2PSSF,핸디스틱청소기 / 무선형 / 흡입전용 / [구성] 바닥 / 펫 / 솔형 / 틈새 / 거치대 / [배터리] 내장형 / 충전시간: 4시간30분 / 사용시간(개당): 50분 / [성능] 5단계여과 / [기능] 셀프스탠딩 / LED라이트 / 배터리잔량표시 / [부가] 먼지통용량: 0.3L / 색상: 소프트샌드 / 무게: 2.8kg / 크기(가로x세로x깊이): 258x1105x140mm,266990
일렉트로룩스 Well Q7 Pet WQ71-2PSSF,핸디스틱청소기 / 무선형 / 흡입전용 / [구성] 바닥 / 펫 / 솔형 / 틈새 / 거치대 / [배터리] 내장형 / 충전시간: 4시간30분 / 사용시간(개당): 50분 / [성능] 5단계여과 / [기능] 셀프스탠딩 / LED라이트 / 배터리잔량표시 / [부가] 먼지통용량: 0.3L / 색상: 소프트샌드 / 무게: 2.8kg / 크기(가로x세로x깊이): 258x1105x140mm,266990
일렉트로룩스 Well Q7 Pet WQ71-2PSSF,핸디스틱청소기 / 무선형 / 흡입전용 / [구성] 바닥 / 펫 / 솔형 / 틈새 / 거치대 / [배터리] 내장형 / 충전시간: 4시간30분 / 사용시간(개당): 50분 / [성능] 5단계여과 / [기능] 셀프스탠딩 / LED라이트 / 배터리잔량표시 / [부가] 먼지통용량: 0.3L / 색상: 소프트샌드 / 무게: 2.8kg / 크기(가로x세로x깊이): 258x1105x140mm,266990
일렉트로룩스 Well Q7 Pet WQ71-2PSSF,핸디스틱청소기 / 무선형 / 흡입전용 / [구성] 바닥 / 펫 / 솔형 / 틈새 / 거치대 / [배터리] 내장형 / 충전시간: 4시간30분 / 사용시간(개당): 50분 / [성능] 5단계여과 / [기능] 셀프스탠딩 / LED라이트 / 배터리잔량표시 / [부가] 먼지통용량: 0.3L / 색상: 소프트샌드 / 무게: 2.8kg / 크기(가로x세로x깊이): 258x1105x140mm,266990
일렉트로룩스 Well Q7 Pet WQ71-2PSSF,핸디스틱청소기 / 무선형 / 흡입전용 / [구성] 바닥 / 펫 / 솔형 / 틈새 / 거치대 / [배터리] 내장형 / 충전시간: 4시간30분 / 사용시간(개당): 50분 / [성능] 5단계여과 / [기능] 셀프스탠딩 / LED라이트 / 배터리잔량표시 / [부가] 먼지통용량: 0.3L / 색상: 소프트샌드 / 무게: 2.8kg / 크기(가로x세로x깊이): 258x1105x140mm,266990
일렉트로룩스 Well Q7 Pet WQ71-2PSSF,핸디스틱청소기 / 무선형 / 흡입전용 / [구성] 바닥 / 펫 / 솔형 / 틈새 / 거치대 / [배터리] 내장형 / 충전시간: 4시간30분 / 사용시간(개당): 50분 / [성능] 5단계여과 / [기능] 셀프스탠딩 / LED라이트 / 배터리잔량표시 / [부가] 먼지통용량: 0.3L / 색상: 소프트샌드 / 무게: 2.8kg / 크기(가로x세로x깊이): 258x1105x140mm,266990
일렉트로룩스 Well Q7 Pet WQ71-2PSSF,핸디스틱청소기 / 무선형 / 흡입전용 / [구성] 바닥 / 펫 / 솔형 / 틈새 / 거치대 / [배터리] 내장형 / 충전시간: 4시간30분 / 사용시간(개당): 50분 / [성능] 5단계여과 / [기능] 셀프스탠딩 / LED라이트 / 배터리잔량표시 / [부가] 먼지통용량: 0.3L / 색상: 소프트샌드 / 무게: 2.8kg / 크기(가로x세로x깊이): 258x1105x140mm,266990
일렉트로룩스 Well Q7 Pet WQ71-2PSSF,핸디스틱청소기 / 무선형 / 흡입전용 / [구성] 바닥 / 펫 / 솔형 / 틈새 / 거치대 / [배터리] 내장형 / 충전시간: 4시간30분 / 사용시간(개당): 50분 / [성능] 5단계여과 / [기능] 셀프스탠딩 / LED라이트 / 배터리잔량표시 / [부가] 먼지통용량: 0.3L / 색상: 소프트샌드 / 무게: 2.8kg / 크기(가로x세로x깊이): 258x1105x140mm,266990
일렉트로룩스 Well Q7 Pet WQ71-2PSSF,핸디스틱청소기 / 무선형 / 흡입전용 / [구성] 바닥 / 펫 / 솔형 / 틈새 / 거치대 / [배터리] 내장형 / 충전시간: 4시간30분 / 사용시간(개당): 50분 / [성능] 5단계여과 / [기능] 셀프스탠딩 / LED라이트 / 배터리잔량표시 / [부가] 먼지통용량: 0.3L / 색상: 소프트샌드 / 무게: 2.8kg / 크기(가로x세로x깊이): 258x1105x140mm,266990
일렉트로룩스 Well Q7 Pet WQ71-2PSSF,핸디스틱청소기 / 무선형 / 흡입전용 / [구성] 바닥 / 펫 / 솔형 / 틈새 / 거치대 / [배터리] 내장형 / 충전시간: 4시간30분 / 사용시간(개당): 50분 / [성능] 5단계여과 / [기능] 셀프스탠딩 / LED라이트 / 배터리잔량표시 / [부가] 먼지통용량: 0.3L / 색상: 소프트샌드 / 무게: 2.8kg / 크기(가로x세로x깊이): 258x1105x140mm,266990
일렉트로룩스 Well Q7 Pet WQ71-2PSSF,핸디스틱청소기 / 무선형 / 흡입전용 / [구성] 바닥 / 펫 / 솔형 / 틈새 / 거치대 / [배터리] 내장형 / 충전시간: 4시간30분 / 사용시간(개당): 50분 / [성능] 5단계여과 / [기능] 셀프스탠딩 / LED라이트 / 배터리잔량표시 / [부가] 먼지통용량: 0.3L / 색상: 소프트샌드 / 무게: 2.8kg / 크기(가로x세로x깊이): 258x1105x140mm,266990
일렉트로룩스 Well Q7 Pet WQ71-2PSSF,핸디스틱청소기 / 무선형 / 흡입전용 / [구성] 바닥 / 펫 / 솔형 / 틈새 / 거치대 / [배터리] 내장형 / 충전시간: 4시간30분 / 사용시간(개당): 50분 / [성능] 5단계여과 / [기능] 셀프스탠딩 / LED라이트 / 배터리잔량표시 / [부가] 먼지통용량: 0.3L / 색상: 소프트샌드 / 무게: 2.8kg / 크기(가로x세로x깊이): 258x1105x140mm,266990
일렉트로룩스 Well Q7 Pet WQ71-2PSSF,핸디스틱청소기 / 무선형 / 흡입전용 / [구성] 바닥 / 펫 / 솔형 / 틈새 / 거치대 / [배터리] 내장형 / 충전시간: 4시간30분 / 사용시간(개당): 50분 / [성능] 5단계여과 / [기능] 셀프스탠딩 / LED라이트 / 배터리잔량표시 / [부가] 먼지통용량: 0.3L / 색상: 소프트샌드 / 무게: 2.8kg / 크기(가로x세로x깊이): 258x1105x140mm,266990
일렉트로룩스 Well Q7 Pet WQ71-2PSSF,핸디스틱청소기 / 무선형 / 흡입전용 / [구성] 바닥 / 펫 / 솔형 / 틈새 / 거치대 / [배터리] 내장형 / 충전시간: 4시간30분 / 사용시간(개당): 50분 / [성능] 5단계여과 / [기능] 셀프스탠딩 / LED라이트 / 배터리잔량표시 / [부가] 먼지통용량: 0.3L / 색상: 소프트샌드 / 무게: 2.8kg / 크기(가로x세로x깊이): 258x1105x140mm,266990
일렉트로룩스 Well Q7 Pet WQ71-2PSSF,핸디스틱청소기 / 무선형 / 흡입전용 / [구성] 바닥 / 펫 / 솔형 / 틈새 / 거치대 / [배터리] 내장형 / 충전시간: 4시간30분 / 사용시간(개당): 50분 / [성능] 5단계여과 / [기능] 셀프스탠딩 / LED라이트 / 배터리잔량표시 / [부가] 먼지통용량: 0.3L / 색상: 소프트샌드 / 무게: 2.8kg / 크기(가로x세로x깊이): 258x1105x140mm,266990
일렉트로룩스 Well Q7 Pet WQ71-2PSSF,핸디스틱청소기 / 무선형 / 흡입전용 / [구성] 바닥 / 펫 / 솔형 / 틈새 / 거치대 / [배터리] 내장형 / 충전시간: 4시간30분 / 사용시간(개당): 50분 / [성능] 5단계여과 / [기능] 셀프스탠딩 / LED라이트 / 배터리잔량표시 / [부가] 먼지통용량: 0.3L / 색상: 소프트샌드 / 무게: 2.8kg / 크기(가로x세로x깊이): 258x1105x140mm,266990
일렉트로룩스 Well Q7 Pet WQ71-2PSSF,핸디스틱청소기 / 무선형 / 흡입전용 / [구성] 바닥 / 펫 / 솔형 / 틈새 / 거치대 / [배터리] 내장형 / 충전시간: 4시간30분 / 사용시간(개당): 50분 / [성능] 5단계여과 / [기능] 셀프스탠딩 / LED라이트 / 배터리잔량표시 / [부가] 먼지통용량: 0.3L / 색상: 소프트샌드 / 무게: 2.8kg / 크기(가로x세로x깊이): 258x1105x140mm,266990
일렉트로룩스 Well Q7 Pet WQ71-2PSSF,핸디스틱청소기 / 무선형 / 흡입전용 / [구성] 바닥 / 펫 / 솔형 / 틈새 / 거치대 / [배터리] 내장형 / 충전시간: 4시간30분 / 사용시간(개당): 50분 / [성능] 5단계여과 / [기능] 셀프스탠딩 / LED라이트 / 배터리잔량표시 / [부가] 먼지통용량: 0.3L / 색상: 소프트샌드 / 무게: 2.8kg / 크기(가로x세로x깊이): 258x1105x140mm,266990
일렉트로룩스 Well Q7 Pet WQ71-2PSSF,핸디스틱청소기 / 무선형 / 흡입전용 / [구성] 바닥 / 펫 / 솔형 / 틈새 / 거치대 / [배터리] 내장형 / 충전시간: 4시간30분 / 사용시간(개당): 50분 / [성능] 5단계여과 / [기능] 셀프스탠딩 / LED라이트 / 배터리잔량표시 / [부가] 먼지통용량: 0.3L / 색상: 소프트샌드 / 무게: 2.8kg / 크기(가로x세로x깊이): 258x1105x140mm,266990
일렉트로룩스 Well Q7 Pet WQ71-2PSSF,핸디스틱청소기 / 무선형 / 흡입전용 / [구성] 바닥 / 펫 / 솔형 / 틈새 / 거치대 / [배터리] 내장형 / 충전시간: 4시간30분 / 사용시간(개당): 50분 / [성능] 5단계여과 / [기능] 셀프스탠딩 / LED라이트 / 배터리잔량표시 / [부가] 먼지통용량: 0.3L / 색상: 소프트샌드 / 무게: 2.8kg / 크기(가로x세로x깊이): 258x1105x140mm,266990
일렉트로룩스 Well Q7 Pet WQ71-2PSSF,핸디스틱청소기 / 무선형 / 흡입전용 / [구성] 바닥 / 펫 / 솔형 / 틈새 / 거치대 / [배터리] 내장형 / 충전시간: 4시간30분 / 사용시간(개당): 50분 / [성능] 5단계여과 / [기능] 셀프스탠딩 / LED라이트 / 배터리잔량표시 / [부가] 먼지통용량: 0.3L / 색상: 소프트샌드 / 무게: 2.8kg / 크기(가로x세로x깊이): 258x1105x140mm,266990
일렉트로룩스 Well Q7 Pet WQ71-2PSSF,핸디스틱청소기 / 무선형 / 흡입전용 / [구성] 바닥 / 펫 / 솔형 / 틈새 / 거치대 / [배터리] 내장형 / 충전시간: 4시간30분 / 사용시간(개당): 50분 / [성능] 5단계여과 / [기능] 셀프스탠딩 / LED라이트 / 배터리잔량표시 / [부가] 먼지통용량: 0.3L / 색상: 소프트샌드 / 무게: 2.8kg / 크기(가로x세로x깊이): 258x1105x140mm,266990
일렉트로룩스 Well Q7 Pet WQ71-2PSSF,핸디스틱청소기 / 무선형 / 흡입전용 / [구성] 바닥 / 펫 / 솔형 / 틈새 / 거치대 / [배터리] 내장형 / 충전시간: 4시간30분 / 사용시간(개당): 50분 / [성능] 5단계여과 / [기능] 셀프스탠딩 / LED라이트 / 배터리잔량표시 / [부가] 먼지통용량: 0.3L / 색상: 소프트샌드 / 무게: 2.8kg / 크기(가로x세로x깊이): 258x1105x140mm,266990
일렉트로룩스 Well Q7 Pet WQ71-2PSSF,핸디스틱청소기 / 무선형 / 흡입전용 / [구성] 바닥 / 펫 / 솔형 / 틈새 / 거치대 / [배터리] 내장형 / 충전시간: 4시간30분 / 사용시간(개당): 50분 / [성능] 5단계여과 / [기능] 셀프스탠딩 / LED라이트 / 배터리잔량표시 / [부가] 먼지통용량: 0.3L / 색상: 소프트샌드 / 무게: 2.8kg / 크기(가로x세로x깊이): 258x1105x140mm,266990
일렉트로룩스 Well Q7 Pet WQ71-2PSSF,핸디스틱청소기 / 무선형 / 흡입전용 / [구성] 바닥 / 펫 / 솔형 / 틈새 / 거치대 / [배터리] 내장형 / 충전시간: 4시간30분 / 사용시간(개당): 50분 / [성능] 5단계여과 / [기능] 셀프스탠딩 / LED라이트 / 배터리잔량표시 / [부가] 먼지통용량: 0.3L / 색상: 소프트샌드 / 무게: 2.8kg / 크기(가로x세로x깊이): 258x1105x140mm,266990
일렉트로룩스 Well Q7 Pet WQ71-2PSSF,핸디스틱청소기 / 무선형 / 흡입전용 / [구성] 바닥 / 펫 / 솔형 / 틈새 / 거치대 / [배터리] 내장형 / 충전시간: 4시간30분 / 사용시간(개당): 50분 / [성능] 5단계여과 / [기능] 셀프스탠딩 / LED라이트 / 배터리잔량표시 / [부가] 먼지통용량: 0.3L / 색상: 소프트샌드 / 무게: 2.8kg / 크기(가로x세로x깊이): 258x1105x140mm,266990
일렉트로룩스 Well Q7 Pet WQ71-2PSSF,핸디스틱청소기 / 무선형 / 흡입전용 / [구성] 바닥 / 펫 / 솔형 / 틈새 / 거치대 / [배터리] 내장형 / 충전시간: 4시간30분 / 사용시간(개당): 50분 / [성능] 5단계여과 / [기능] 셀프스탠딩 / LED라이트 / 배터리잔량표시 / [부가] 먼지통용량: 0.3L / 색상: 소프트샌드 / 무게: 2.8kg / 크기(가로x세로x깊이): 258x1105x140mm,266990
일렉트로룩스 Well Q7 Pet WQ71-2PSSF,핸디스틱청소기 / 무선형 / 흡입전용 / [구성] 바닥 / 펫 / 솔형 / 틈새 / 거치대 / [배터리] 내장형 / 충전시간: 4시간30분 / 사용시간(개당): 50분 / [성능] 5단계여과 / [기능] 셀프스탠딩 / LED라이트 / 배터리잔량표시 / [부가] 먼지통용량: 0.3L / 색상: 소프트샌드 / 무게: 2.8kg / 크기(가로x세로x깊이): 258x1105x140mm,266990
일렉트로룩스 Well Q7 Pet WQ71-2PSSF,핸디스틱청소기 / 무선형 / 흡입전용 / [구성] 바닥 / 펫 / 솔형 / 틈새 / 거치대 / [배터리] 내장형 / 충전시간: 4시간30분 / 사용시간(개당): 50분 / [성능] 5단계여과 / [기능] 셀프스탠딩 / LED라이트 / 배터리잔량표시 / [부가] 먼지통용량: 0.3L / 색상: 소프트샌드 / 무게: 2.8kg / 크기(가로x세로x깊이): 258x1105x140mm,266990
일렉트로룩스 Well Q7 Pet WQ71-2PSSF,핸디스틱청소기 / 무선형 / 흡입전용 / [구성] 바닥 / 펫 / 솔형 / 틈새 / 거치대 / [배터리] 내장형 / 충전시간: 4시간30분 / 사용시간(개당): 50분 / [성능] 5단계여과 / [기능] 셀프스탠딩 / LED라이트 / 배터리잔량표시 / [부가] 먼지통용량: 0.3L / 색상: 소프트샌드 / 무게: 2.8kg / 크기(가로x세로x깊이): 258x1105x140mm,266990
일렉트로룩스 Well Q7 Pet WQ71-2PSSF,핸디스틱청소기 / 무선형 / 흡입전용 / [구성] 바닥 / 펫 / 솔형 / 틈새 / 거치대 / [배터리] 내장형 / 충전시간: 4시간30분 / 사용시간(개당): 50분 / [성능] 5단계여과 / [기능] 셀프스탠딩 / LED라이트 / 배터리잔량표시 / [부가] 먼지통용량: 0.3L / 색상: 소프트샌드 / 무게: 2.8kg / 크기(가로x세로x깊이): 258x1105x140mm,266990
일렉트로룩스 Well Q7 Pet WQ71-2PSSF,핸디스틱청소기 / 무선형 / 흡입전용 / [구성] 바닥 / 펫 / 솔형 / 틈새 / 거치대 / [배터리] 내장형 / 충전시간: 4시간30분 / 사용시간(개당): 50분 / [성능] 5단계여과 / [기능] 셀프스탠딩 / LED라이트 / 배터리잔량표시 / [부가] 먼지통용량: 0.3L / 색상: 소프트샌드 / 무게: 2.8kg / 크기(가로x세로x깊이): 258x1105x140mm,266990
일렉트로룩스 Well Q7 Pet WQ71-2PSSF,핸디스틱청소기 / 무선형 / 흡입전용 / [구성] 바닥 / 펫 / 솔형 / 틈새 / 거치대 / [배터리] 내장형 / 충전시간: 4시간30분 / 사용시간(개당): 50분 / [성능] 5단계여과 / [기능] 셀프스탠딩 / LED라이트 / 배터리잔량표시 / [부가] 먼지통용량: 0.3L / 색상: 소프트샌드 / 무게: 2.8kg / 크기(가로x세로x깊이): 258x1105x140mm,266990
일렉트로룩스 Well Q7 Pet WQ71-2PSSF,핸디스틱청소기 / 무선형 / 흡입전용 / [구성] 바닥 / 펫 / 솔형 / 틈새 / 거치대 / [배터리] 내장형 / 충전시간: 4시간30분 / 사용시간(개당): 50분 / [성능] 5단계여과 / [기능] 셀프스탠딩 / LED라이트 / 배터리잔량표시 / [부가] 먼지통용량: 0.3L / 색상: 소프트샌드 / 무게: 2.8kg / 크기(가로x세로x깊이): 258x1105x140mm,266990
일렉트로룩스 Well Q7 Pet WQ71-2PSSF,핸디스틱청소기 / 무선형 / 흡입전용 / [구성] 바닥 / 펫 / 솔형 / 틈새 / 거치대 / [배터리] 내장형 / 충전시간: 4시간30분 / 사용시간(개당): 50분 / [성능] 5단계여과 / [기능] 셀프스탠딩 / LED라이트 / 배터리잔량표시 / [부가] 먼지통용량: 0.3L / 색상: 소프트샌드 / 무게: 2.8kg / 크기(가로x세로x깊이): 258x1105x140mm,266990
신일전자 SVC-R220UB,핸디스틱청소기 / 무선형 / 흡입전용 / 흡입력: 13000Pa / [구성] 바닥 / 솔형 / 패브릭 / 연장툴 / 거치대 / [배터리] 충전시간: 5시간 / 사용시간(개당): 20분 / [성능] BLDC모터 / 헤파필터 / 4단계여과 / [기능] 프리볼트 / [부가] 먼지통용량: 0.5L / 색상: 화이트 / 무게: 1.34kg / 크기(가로x세로x깊이): 225x1200x78mm,75600
신일전자 SVC-R220UB,핸디스틱청소기 / 무선형 / 흡입전용 / 흡입력: 13000Pa / [구성] 바닥 / 솔형 / 패브릭 / 연장툴 / 거치대 / [배터리] 충전시간: 5시간 / 사용시간(개당): 20분 / [성능] BLDC모터 / 헤파필터 / 4단계여과 / [기능] 프리볼트 / [부가] 먼지통용량: 0.5L / 색상: 화이트 / 무게: 1.34kg / 크기(가로x세로x깊이): 225x1200x78mm,75600
신일전자 SVC-R220UB,핸디스틱청소기 / 무선형 / 흡입전용 / 흡입력: 13000Pa / [구성] 바닥 / 솔형 / 패브릭 / 연장툴 / 거치대 / [배터리] 충전시간: 5시간 / 사용시간(개당): 20분 / [성능] BLDC모터 / 헤파필터 / 4단계여과 / [기능] 프리볼트 / [부가] 먼지통용량: 0.5L / 색상: 화이트 / 무게: 1.34kg / 크기(가로x세로x깊이): 225x1200x78mm,75600
신일전자 SVC-R220UB,핸디스틱청소기 / 무선형 / 흡입전용 / 흡입력: 13000Pa / [구성] 바닥 / 솔형 / 패브릭 / 연장툴 / 거치대 / [배터리] 충전시간: 5시간 / 사용시간(개당): 20분 / [성능] BLDC모터 / 헤파필터 / 4단계여과 / [기능] 프리볼트 / [부가] 먼지통용량: 0.5L / 색상: 화이트 / 무게: 1.34kg / 크기(가로x세로x깊이): 225x1200x78mm,75600
신일전자 SVC-R220UB,핸디스틱청소기 / 무선형 / 흡입전용 / 흡입력: 13000Pa / [구성] 바닥 / 솔형 / 패브릭 / 연장툴 / 거치대 / [배터리] 충전시간: 5시간 / 사용시간(개당): 20분 / [성능] BLDC모터 / 헤파필터 / 4단계여과 / [기능] 프리볼트 / [부가] 먼지통용량: 0.5L / 색상: 화이트 / 무게: 1.34kg / 크기(가로x세로x깊이): 225x1200x78mm,75600
신일전자 SVC-R220UB,핸디스틱청소기 / 무선형 / 흡입전용 / 흡입력: 13000Pa / [구성] 바닥 / 솔형 / 패브릭 / 연장툴 / 거치대 / [배터리] 충전시간: 5시간 / 사용시간(개당): 20분 / [성능] BLDC모터 / 헤파필터 / 4단계여과 / [기능] 프리볼트 / [부가] 먼지통용량: 0.5L / 색상: 화이트 / 무게: 1.34kg / 크기(가로x세로x깊이): 225x1200x78mm,75600
신일전자 SVC-R220UB,핸디스틱청소기 / 무선형 / 흡입전용 / 흡입력: 13000Pa / [구성] 바닥 / 솔형 / 패브릭 / 연장툴 / 거치대 / [배터리] 충전시간: 5시간 / 사용시간(개당): 20분 / [성능] BLDC모터 / 헤파필터 / 4단계여과 / [기능] 프리볼트 / [부가] 먼지통용량: 0.5L / 색상: 화이트 / 무게: 1.34kg / 크기(가로x세로x깊이): 225x1200x78mm,75600
신일전자 SVC-R220UB,핸디스틱청소기 / 무선형 / 흡입전용 / 흡입력: 13000Pa / [구성] 바닥 / 솔형 / 패브릭 / 연장툴 / 거치대 / [배터리] 충전시간: 5시간 / 사용시간(개당): 20분 / [성능] BLDC모터 / 헤파필터 / 4단계여과 / [기능] 프리볼트 / [부가] 먼지통용량: 0.5L / 색상: 화이트 / 무게: 1.34kg / 크기(가로x세로x깊이): 225x1200x78mm,75600
신일전자 SVC-R220UB,핸디스틱청소기 / 무선형 / 흡입전용 / 흡입력: 13000Pa / [구성] 바닥 / 솔형 / 패브릭 / 연장툴 / 거치대 / [배터리] 충전시간: 5시간 / 사용시간(개당): 20분 / [성능] BLDC모터 / 헤파필터 / 4단계여과 / [기능] 프리볼트 / [부가] 먼지통용량: 0.5L / 색상: 화이트 / 무게: 1.34kg / 크기(가로x세로x깊이): 225x1200x78mm,75600
신일전자 SVC-R220UB,핸디스틱청소기 / 무선형 / 흡입전용 / 흡입력: 13000Pa / [구성] 바닥 / 솔형 / 패브릭 / 연장툴 / 거치대 / [배터리] 충전시간: 5시간 / 사용시간(개당): 20분 / [성능] BLDC모터 / 헤파필터 / 4단계여과 / [기능] 프리볼트 / [부가] 먼지통용량: 0.5L / 색상: 화이트 / 무게: 1.34kg / 크기(가로x세로x깊이): 225x1200x78mm,75600
신일전자 SVC-R220UB,핸디스틱청소기 / 무선형 / 흡입전용 / 흡입력: 13000Pa / [구성] 바닥 / 솔형 / 패브릭 / 연장툴 / 거치대 / [배터리] 충전시간: 5시간 / 사용시간(개당): 20분 / [성능] BLDC모터 / 헤파필터 / 4단계여과 / [기능] 프리볼트 / [부가] 먼지통용량: 0.5L / 색상: 화이트 / 무게: 1.34kg / 크기(가로x세로x깊이): 225x1200x78mm,75600
신일전자 SVC-R220UB,핸디스틱청소기 / 무선형 / 흡입전용 / 흡입력: 13000Pa / [구성] 바닥 / 솔형 / 패브릭 / 연장툴 / 거치대 / [배터리] 충전시간: 5시간 / 사용시간(개당): 20분 / [성능] BLDC모터 / 헤파필터 / 4단계여과 / [기능] 프리볼트 / [부가] 먼지통용량: 0.5L / 색상: 화이트 / 무게: 1.34kg / 크기(가로x세로x깊이): 225x1200x78mm,75600
신일전자 SVC-R220UB,핸디스틱청소기 / 무선형 / 흡입전용 / 흡입력: 13000Pa / [구성] 바닥 / 솔형 / 패브릭 / 연장툴 / 거치대 / [배터리] 충전시간: 5시간 / 사용시간(개당): 20분 / [성능] BLDC모터 / 헤파필터 / 4단계여과 / [기능] 프리볼트 / [부가] 먼지통용량: 0.5L / 색상: 화이트 / 무게: 1.34kg / 크기(가로x세로x깊이): 225x1200x78mm,75600
신일전자 SVC-R220UB,핸디스틱청소기 / 무선형 / 흡입전용 / 흡입력: 13000Pa / [구성] 바닥 / 솔형 / 패브릭 / 연장툴 / 거치대 / [배터리] 충전시간: 5시간 / 사용시간(개당): 20분 / [성능] BLDC모터 / 헤파필터 / 4단계여과 / [기능] 프리볼트 / [부가] 먼지통용량: 0.5L / 색상: 화이트 / 무게: 1.34kg / 크기(가로x세로x깊이): 225x1200x78mm,75600
신일전자 SVC-R220UB,핸디스틱청소기 / 무선형 / 흡입전용 / 흡입력: 13000Pa / [구성] 바닥 / 솔형 / 패브릭 / 연장툴 / 거치대 / [배터리] 충전시간: 5시간 / 사용시간(개당): 20분 / [성능] BLDC모터 / 헤파필터 / 4단계여과 / [기능] 프리볼트 / [부가] 먼지통용량: 0.5L / 색상: 화이트 / 무게: 1.34kg / 크기(가로x세로x깊이): 225x1200x78mm,75600
신일전자 SVC-R220UB,핸디스틱청소기 / 무선형 / 흡입전용 / 흡입력: 13000Pa / [구성] 바닥 / 솔형 / 패브릭 / 연장툴 / 거치대 / [배터리] 충전시간: 5시간 / 사용시간(개당): 20분 / [성능] BLDC모터 / 헤파필터 / 4단계여과 / [기능] 프리볼트 / [부가] 먼지통용량: 0.5L / 색상: 화이트 / 무게: 1.34kg / 크기(가로x세로x깊이): 225x1200x78mm,75600
신일전자 SVC-R220UB,핸디스틱청소기 / 무선형 / 흡입전용 / 흡입력: 13000Pa / [구성] 바닥 / 솔형 / 패브릭 / 연장툴 / 거치대 / [배터리] 충전시간: 5시간 / 사용시간(개당): 20분 / [성능] BLDC모터 / 헤파필터 / 4단계여과 / [기능] 프리볼트 / [부가] 먼지통용량: 0.5L / 색상: 화이트 / 무게: 1.34kg / 크기(가로x세로x깊이): 225x1200x78mm,75600
신일전자 SVC-R220UB,핸디스틱청소기 / 무선형 / 흡입전용 / 흡입력: 13000Pa / [구성] 바닥 / 솔형 / 패브릭 / 연장툴 / 거치대 / [배터리] 충전시간: 5시간 / 사용시간(개당): 20분 / [성능] BLDC모터 / 헤파필터 / 4단계여과 / [기능] 프리볼트 / [부가] 먼지통용량: 0.5L / 색상: 화이트 / 무게: 1.34kg / 크기(가로x세로x깊이): 225x1200x78mm,75600
신일전자 SVC-R220UB,핸디스틱청소기 / 무선형 / 흡입전용 / 흡입력: 13000Pa / [구성] 바닥 / 솔형 / 패브릭 / 연장툴 / 거치대 / [배터리] 충전시간: 5시간 / 사용시간(개당): 20분 / [성능] BLDC모터 / 헤파필터 / 4단계여과 / [기능] 프리볼트 / [부가] 먼지통용량: 0.5L / 색상: 화이트 / 무게: 1.34kg / 크기(가로x세로x깊이): 225x1200x78mm,75600
신일전자 SVC-R220UB,핸디스틱청소기 / 무선형 / 흡입전용 / 흡입력: 13000Pa / [구성] 바닥 / 솔형 / 패브릭 / 연장툴 / 거치대 / [배터리] 충전시간: 5시간 / 사용시간(개당): 20분 / [성능] BLDC모터 / 헤파필터 / 4단계여과 / [기능] 프리볼트 / [부가] 먼지통용량: 0.5L / 색상: 화이트 / 무게: 1.34kg / 크기(가로x세로x깊이): 225x1200x78mm,75600
신일전자 SVC-R220UB,핸디스틱청소기 / 무선형 / 흡입전용 / 흡입력: 13000Pa / [구성] 바닥 / 솔형 / 패브릭 / 연장툴 / 거치대 / [배터리] 충전시간: 5시간 / 사용시간(개당): 20분 / [성능] BLDC모터 / 헤파필터 / 4단계여과 / [기능] 프리볼트 / [부가] 먼지통용량: 0.5L / 색상: 화이트 / 무게: 1.34kg / 크기(가로x세로x깊이): 225x1200x78mm,75600
신일전자 SVC-R220UB,핸디스틱청소기 / 무선형 / 흡입전용 / 흡입력: 13000Pa / [구성] 바닥 / 솔형 / 패브릭 / 연장툴 / 거치대 / [배터리] 충전시간: 5시간 / 사용시간(개당): 20분 / [성능] BLDC모터 / 헤파필터 / 4단계여과 / [기능] 프리볼트 / [부가] 먼지통용량: 0.5L / 색상: 화이트 / 무게: 1.34kg / 크기(가로x세로x깊이): 225x1200x78mm,75600
신일전자 SVC-R220UB,핸디스틱청소기 / 무선형 / 흡입전용 / 흡입력: 13000Pa / [구성] 바닥 / 솔형 / 패브릭 / 연장툴 / 거치대 / [배터리] 충전시간: 5시간 / 사용시간(개당): 20분 / [성능] BLDC모터 / 헤파필터 / 4단계여과 / [기능] 프리볼트 / [부가] 먼지통용량: 0.5L / 색상: 화이트 / 무게: 1.34kg / 크기(가로x세로x깊이): 225x1200x78mm,75600
신일전자 SVC-R220UB,핸디스틱청소기 / 무선형 / 흡입전용 / 흡입력: 13000Pa / [구성] 바닥 / 솔형 / 패브릭 / 연장툴 / 거치대 / [배터리] 충전시간: 5시간 / 사용시간(개당): 20분 / [성능] BLDC모터 / 헤파필터 / 4단계여과 / [기능] 프리볼트 / [부가] 먼지통용량: 0.5L / 색상: 화이트 / 무게: 1.34kg / 크기(가로x세로x깊이): 225x1200x78mm,75600
신일전자 SVC-R220UB,핸디스틱청소기 / 무선형 / 흡입전용 / 흡입력: 13000Pa / [구성] 바닥 / 솔형 / 패브릭 / 연장툴 / 거치대 / [배터리] 충전시간: 5시간 / 사용시간(개당): 20분 / [성능] BLDC모터 / 헤파필터 / 4단계여과 / [기능] 프리볼트 / [부가] 먼지통용량: 0.5L / 색상: 화이트 / 무게: 1.34kg / 크기(가로x세로x깊이): 225x1200x78mm,75600
신일전자 SVC-R220UB,핸디스틱청소기 / 무선형 / 흡입전용 / 흡입력: 13000Pa / [구성] 바닥 / 솔형 / 패브릭 / 연장툴 / 거치대 / [배터리] 충전시간: 5시간 / 사용시간(개당): 20분 / [성능] BLDC모터 / 헤파필터 / 4단계여과 / [기능] 프리볼트 / [부가] 먼지통용량: 0.5L / 색상: 화이트 / 무게: 1.34kg / 크기(가로x세로x깊이): 225x1200x78mm,75600
신일전자 SVC-R220UB,핸디스틱청소기 / 무선형 / 흡입전용 / 흡입력: 13000Pa / [구성] 바닥 / 솔형 / 패브릭 / 연장툴 / 거치대 / [배터리] 충전시간: 5시간 / 사용시간(개당): 20분 / [성능] BLDC모터 / 헤파필터 / 4단계여과 / [기능] 프리볼트 / [부가] 먼지통용량: 0.5L / 색상: 화이트 / 무게: 1.34kg / 크기(가로x세로x깊이): 225x1200x78mm,75600
신일전자 SVC-R220UB,핸디스틱청소기 / 무선형 / 흡입전용 / 흡입력: 13000Pa / [구성] 바닥 / 솔형 / 패브릭 / 연장툴 / 거치대 / [배터리] 충전시간: 5시간 / 사용시간(개당): 20분 / [성능] BLDC모터 / 헤파필터 / 4단계여과 / [기능] 프리볼트 / [부가] 먼지통용량: 0.5L / 색상: 화이트 / 무게: 1.34kg / 크기(가로x세로x깊이): 225x1200x78mm,75600
신일전자 SVC-R220UB,핸디스틱청소기 / 무선형 / 흡입전용 / 흡입력: 13000Pa / [구성] 바닥 / 솔형 / 패브릭 / 연장툴 / 거치대 / [배터리] 충전시간: 5시간 / 사용시간(개당): 20분 / [성능] BLDC모터 / 헤파필터 / 4단계여과 / [기능] 프리볼트 / [부가] 먼지통용량: 0.5L / 색상: 화이트 / 무게: 1.34kg / 크기(가로x세로x깊이): 225x1200x78mm,75600
신일전자 SVC-R220UB,핸디스틱청소기 / 무선형 / 흡입전용 / 흡입력: 13000Pa / [구성] 바닥 / 솔형 / 패브릭 / 연장툴 / 거치대 / [배터리] 충전시간: 5시간 / 사용시간(개당): 20분 / [성능] BLDC모터 / 헤파필터 / 4단계여과 / [기능] 프리볼트 / [부가] 먼지통용량: 0.5L / 색상: 화이트 / 무게: 1.34kg / 크기(가로x세로x깊이): 225x1200x78mm,75600
신일전자 SVC-R220UB,핸디스틱청소기 / 무선형 / 흡입전용 / 흡입력: 13000Pa / [구성] 바닥 / 솔형 / 패브릭 / 연장툴 / 거치대 / [배터리] 충전시간: 5시간 / 사용시간(개당): 20분 / [성능] BLDC모터 / 헤파필터 / 4단계여과 / [기능] 프리볼트 / [부가] 먼지통용량: 0.5L / 색상: 화이트 / 무게: 1.34kg / 크기(가로x세로x깊이): 225x1200x78mm,75600
신일전자 SVC-R220UB,핸디스틱청소기 / 무선형 / 흡입전용 / 흡입력: 13000Pa / [구성] 바닥 / 솔형 / 패브릭 / 연장툴 / 거치대 / [배터리] 충전시간: 5시간 / 사용시간(개당): 20분 / [성능] BLDC모터 / 헤파필터 / 4단계여과 / [기능] 프리볼트 / [부가] 먼지통용량: 0.5L / 색상: 화이트 / 무게: 1.34kg / 크기(가로x세로x깊이): 225x1200x78mm,75600
신일전자 SVC-R220UB,핸디스틱청소기 / 무선형 / 흡입전용 / 흡입력: 13000Pa / [구성] 바닥 / 솔형 / 패브릭 / 연장툴 / 거치대 / [배터리] 충전시간: 5시간 / 사용시간(개당): 20분 / [성능] BLDC모터 / 헤파필터 / 4단계여과 / [기능] 프리볼트 / [부가] 먼지통용량: 0.5L / 색상: 화이트 / 무게: 1.34kg / 크기(가로x세로x깊이): 225x1200x78mm,75600
신일전자 SVC-R220UB,핸디스틱청소기 / 무선형 / 흡입전용 / 흡입력: 13000Pa / [구성] 바닥 / 솔형 / 패브릭 / 연장툴 / 거치대 / [배터리] 충전시간: 5시간 / 사용시간(개당): 20분 / [성능] BLDC모터 / 헤파필터 / 4단계여과 / [기능] 프리볼트 / [부가] 먼지통용량: 0.5L / 색상: 화이트 / 무게: 1.34kg / 크기(가로x세로x깊이): 225x1200x78mm,75600
신일전자 SVC-R220UB,핸디스틱청소기 / 무선형 / 흡입전용 / 흡입력: 13000Pa / [구성] 바닥 / 솔형 / 패브릭 / 연장툴 / 거치대 / [배터리] 충전시간: 5시간 / 사용시간(개당): 20분 / [성능] BLDC모터 / 헤파필터 / 4단계여과 / [기능] 프리볼트 / [부가] 먼지통용량: 0.5L / 색상: 화이트 / 무게: 1.34kg / 크기(가로x세로x깊이): 225x1200x78mm,75600
신일전자 SVC-R220UB,핸디스틱청소기 / 무선형 / 흡입전용 / 흡입력: 13000Pa / [구성] 바닥 / 솔형 / 패브릭 / 연장툴 / 거치대 / [배터리] 충전시간: 5시간 / 사용시간(개당): 20분 / [성능] BLDC모터 / 헤파필터 / 4단계여과 / [기능] 프리볼트 / [부가] 먼지통용량: 0.5L / 색상: 화이트 / 무게: 1.34kg / 크기(가로x세로x깊이): 225x1200x78mm,75600
신일전자 SVC-R220UB,핸디스틱청소기 / 무선형 / 흡입전용 / 흡입력: 13000Pa / [구성] 바닥 / 솔형 / 패브릭 / 연장툴 / 거치대 / [배터리] 충전시간: 5시간 / 사용시간(개당): 20분 / [성능] BLDC모터 / 헤파필터 / 4단계여과 / [기능] 프리볼트 / [부가] 먼지통용량: 0.5L / 색상: 화이트 / 무게: 1.34kg / 크기(가로x세로x깊이): 225x1200x78mm,75600
신일전자 SVC-R220UB,핸디스틱청소기 / 무선형 / 흡입전용 / 흡입력: 13000Pa / [구성] 바닥 / 솔형 / 패브릭 / 연장툴 / 거치대 / [배터리] 충전시간: 5시간 / 사용시간(개당): 20분 / [성능] BLDC모터 / 헤파필터 / 4단계여과 / [기능] 프리볼트 / [부가] 먼지통용량: 0.5L / 색상: 화이트 / 무게: 1.34kg / 크기(가로x세로x깊이): 225x1200x78mm,75600
신일전자 SVC-R220UB,핸디스틱청소기 / 무선형 / 흡입전용 / 흡입력: 13000Pa / [구성] 바닥 / 솔형 / 패브릭 / 연장툴 / 거치대 / [배터리] 충전시간: 5시간 / 사용시간(개당): 20분 / [성능] BLDC모터 / 헤파필터 / 4단계여과 / [기능] 프리볼트 / [부가] 먼지통용량: 0.5L / 색상: 화이트 / 무게: 1.34kg / 크기(가로x세로x깊이): 225x1200x78mm,75600
신일전자 SVC-R220UB,핸디스틱청소기 / 무선형 / 흡입전용 / 흡입력: 13000Pa / [구성] 바닥 / 솔형 / 패브릭 / 연장툴 / 거치대 / [배터리] 충전시간: 5시간 / 사용시간(개당): 20분 / [성능] BLDC모터 / 헤파필터 / 4단계여과 / [기능] 프리볼트 / [부가] 먼지통용량: 0.5L / 색상: 화이트 / 무게: 1.34kg / 크기(가로x세로x깊이): 225x1200x78mm,75600
신일전자 SVC-R220UB,핸디스틱청소기 / 무선형 / 흡입전용 / 흡입력: 13000Pa / [구성] 바닥 / 솔형 / 패브릭 / 연장툴 / 거치대 / [배터리] 충전시간: 5시간 / 사용시간(개당): 20분 / [성능] BLDC모터 / 헤파필터 / 4단계여과 / [기능] 프리볼트 / [부가] 먼지통용량: 0.5L / 색상: 화이트 / 무게: 1.34kg / 크기(가로x세로x깊이): 225x1200x78mm,75600
신일전자 SVC-R220UB,핸디스틱청소기 / 무선형 / 흡입전용 / 흡입력: 13000Pa / [구성] 바닥 / 솔형 / 패브릭 / 연장툴 / 거치대 / [배터리] 충전시간: 5시간 / 사용시간(개당): 20분 / [성능] BLDC모터 / 헤파필터 / 4단계여과 / [기능] 프리볼트 / [부가] 먼지통용량: 0.5L / 색상: 화이트 / 무게: 1.34kg / 크기(가로x세로x깊이): 225x1200x78mm,75600
신일전자 SVC-R220UB,핸디스틱청소기 / 무선형 / 흡입전용 / 흡입력: 13000Pa / [구성] 바닥 / 솔형 / 패브릭 / 연장툴 / 거치대 / [배터리] 충전시간: 5시간 / 사용시간(개당): 20분 / [성능] BLDC모터 / 헤파필터 / 4단계여과 / [기능] 프리볼트 / [부가] 먼지통용량: 0.5L / 색상: 화이트 / 무게: 1.34kg / 크기(가로x세로x깊이): 225x1200x78mm,75600
